name,frame,vis_px,vis_px_pc,total_px,total_px_pc,diff,diff_pc
_tigfCJFLZg_00060,0,63.0,0.02,10924.0,3.56,10861.0,0.58
_tigfCJFLZg_00060,1,718.0,0.23,7569.0,2.46,6851.0,9.49
_tigfCJFLZg_00060,2,1337.0,0.44,6020.0,1.96,4683.0,22.21
_tigfCJFLZg_00060,3,2695.0,0.88,4888.0,1.59,2193.0,55.14
_tigfCJFLZg_00060,4,2951.0,0.96,4309.0,1.4,1358.0,68.48
_tigfCJFLZg_00060,5,2545.0,0.83,3586.0,1.17,1041.0,70.97
_tigfCJFLZg_00060,6,2087.0,0.68,3178.0,1.03,1091.0,65.67
_tigfCJFLZg_00060,7,2209.0,0.72,3509.0,1.14,1300.0,62.95
_tigfCJFLZg_00060,8,2272.0,0.74,3447.0,1.12,1175.0,65.91
_tigfCJFLZg_00060,9,2372.0,0.77,3430.0,1.12,1058.0,69.15
_tigfCJFLZg_00060,10,2754.0,0.9,3920.0,1.28,1166.0,70.26
_tigfCJFLZg_00146,0,251.0,0.08,12135.0,3.95,11884.0,2.07
_tigfCJFLZg_00146,1,178.0,0.06,12793.0,4.16,12615.0,1.39
_tigfCJFLZg_00146,2,231.0,0.08,3146.0,1.02,2915.0,7.34
_tigfCJFLZg_00146,3,347.0,0.11,3080.0,1.0,2733.0,11.27
_tigfCJFLZg_00146,4,458.0,0.15,3187.0,1.04,2729.0,14.37
_tigfCJFLZg_00146,5,602.0,0.2,2998.0,0.98,2396.0,20.08
_tigfCJFLZg_00146,6,851.0,0.28,3314.0,1.08,2463.0,25.68
_tigfCJFLZg_00146,7,1313.0,0.43,3668.0,1.19,2355.0,35.8
_tigfCJFLZg_00146,8,1369.0,0.45,3641.0,1.19,2272.0,37.6
_tigfCJFLZg_00146,9,1628.0,0.53,3900.0,1.27,2272.0,41.74
_tigfCJFLZg_00146,10,1969.0,0.64,3667.0,1.19,1698.0,53.7
_tigfCJFLZg_00146,11,2474.0,0.81,3559.0,1.16,1085.0,69.51
_tigfCJFLZg_00146,12,3137.0,1.02,3669.0,1.19,532.0,85.5
_tigfCJFLZg_00146,13,3334.0,1.09,3835.0,1.25,501.0,86.94
_tigfCJFLZg_00146,14,3597.0,1.17,4085.0,1.33,488.0,88.05
_tigfCJFLZg_00146,15,3833.0,1.25,4370.0,1.42,537.0,87.71
_tigfCJFLZg_00146,16,4163.0,1.36,4791.0,1.56,628.0,86.89
_tigfCJFLZg_00146,17,4403.0,1.43,5158.0,1.68,755.0,85.36
_tigfCJFLZg_00146,18,4661.0,1.52,5633.0,1.83,972.0,82.74
_tigfCJFLZg_00146,19,4737.0,1.54,5687.0,1.85,950.0,83.3
_tigfCJFLZg_00146,20,4666.0,1.52,5684.0,1.85,1018.0,82.09
_tigfCJFLZg_00146,21,4600.0,1.5,5797.0,1.89,1197.0,79.35
_tigfCJFLZg_00146,22,4644.0,1.51,5788.0,1.88,1144.0,80.23
_tigfCJFLZg_00146,23,4498.0,1.46,5645.0,1.84,1147.0,79.68
_tigfCJFLZg_00146,24,4262.0,1.39,5453.0,1.78,1191.0,78.16
_tigfCJFLZg_00146,25,4163.0,1.36,5421.0,1.76,1258.0,76.79
_tigfCJFLZg_00146,26,4258.0,1.39,5415.0,1.76,1157.0,78.63
_tigfCJFLZg_00146,27,4207.0,1.37,5428.0,1.77,1221.0,77.51
_tigfCJFLZg_00146,28,4399.0,1.43,5618.0,1.83,1219.0,78.3
_tigfCJFLZg_00146,29,4369.0,1.42,5656.0,1.84,1287.0,77.25
_tigfCJFLZg_00146,30,4540.0,1.48,5845.0,1.9,1305.0,77.67
_tigfCJFLZg_00146,31,5016.0,1.63,6174.0,2.01,1158.0,81.24
_tigfCJFLZg_00146,32,5218.0,1.7,6262.0,2.04,1044.0,83.33
_tigfCJFLZg_00146,33,5455.0,1.78,6562.0,2.14,1107.0,83.13
_tigfCJFLZg_00146,34,5558.0,1.81,6902.0,2.25,1344.0,80.53
_tigfCJFLZg_00146,35,5792.0,1.89,7219.0,2.35,1427.0,80.23
_tigfCJFLZg_00146,36,6219.0,2.02,7454.0,2.43,1235.0,83.43
_tigfCJFLZg_00146,37,6594.0,2.15,7843.0,2.55,1249.0,84.07
_tigfCJFLZg_00146,38,6629.0,2.16,7891.0,2.57,1262.0,84.01
_tigfCJFLZg_00146,39,7027.0,2.29,8295.0,2.7,1268.0,84.71
_tigfCJFLZg_00146,40,7242.0,2.36,8489.0,2.76,1247.0,85.31
_tigfCJFLZg_00146,41,7531.0,2.45,8720.0,2.84,1189.0,86.36
_tigfCJFLZg_00146,42,7775.0,2.53,8896.0,2.9,1121.0,87.4
_tigfCJFLZg_00146,43,7916.0,2.58,9054.0,2.95,1138.0,87.43
_tigfCJFLZg_00146,44,7731.0,2.52,8746.0,2.85,1015.0,88.39
_tigfCJFLZg_00146,45,7808.0,2.54,8891.0,2.89,1083.0,87.82
_tigfCJFLZg_00146,46,7403.0,2.41,8390.0,2.73,987.0,88.24
_tigfCJFLZg_00146,47,7336.0,2.39,8330.0,2.71,994.0,88.07
_tigfCJFLZg_00146,48,7104.0,2.31,7998.0,2.6,894.0,88.82
_tigfCJFLZg_00146,49,6999.0,2.28,7870.0,2.56,871.0,88.93
_tigfCJFLZg_00146,50,6623.0,2.16,7434.0,2.42,811.0,89.09
_tigfCJFLZg_00146,51,6557.0,2.13,7389.0,2.41,832.0,88.74
_tigfCJFLZg_00146,52,6571.0,2.14,7390.0,2.41,819.0,88.92
_tigfCJFLZg_00146,53,6521.0,2.12,7256.0,2.36,735.0,89.87
_tigfCJFLZg_00146,54,6352.0,2.07,7129.0,2.32,777.0,89.1
_tigfCJFLZg_00151,0,249.0,0.08,9745.0,3.17,9496.0,2.56
_tigfCJFLZg_00151,1,31.0,0.01,6963.0,2.27,6932.0,0.45
_tigfCJFLZg_00151,2,344.0,0.11,1997.0,0.65,1653.0,17.23
_tigfCJFLZg_00151,3,606.0,0.2,1985.0,0.65,1379.0,30.53
_tigfCJFLZg_00151,4,1546.0,0.5,2533.0,0.82,987.0,61.03
_tigfCJFLZg_00151,5,2416.0,0.79,4299.0,1.4,1883.0,56.2
_tigfCJFLZg_00151,6,3136.0,1.02,4876.0,1.59,1740.0,64.32
_tigfCJFLZg_00151,7,3858.0,1.26,5378.0,1.75,1520.0,71.74
_tigfCJFLZg_00151,8,4418.0,1.44,5771.0,1.88,1353.0,76.56
_tigfCJFLZg_00151,9,5204.0,1.69,6263.0,2.04,1059.0,83.09
_tigfCJFLZg_00151,10,5378.0,1.75,6477.0,2.11,1099.0,83.03
_tigfCJFLZg_00151,11,5447.0,1.77,6552.0,2.13,1105.0,83.13
_tigfCJFLZg_00151,12,5199.0,1.69,6248.0,2.03,1049.0,83.21
_tigfCJFLZg_00151,13,5221.0,1.7,6335.0,2.06,1114.0,82.42
_tigfCJFLZg_00151,14,5672.0,1.85,6740.0,2.19,1068.0,84.15
_tigfCJFLZg_00151,15,5759.0,1.87,6814.0,2.22,1055.0,84.52
_tigfCJFLZg_00151,16,5010.0,1.63,6120.0,1.99,1110.0,81.86
_tigfCJFLZg_00151,17,4637.0,1.51,5854.0,1.91,1217.0,79.21
_tigfCJFLZg_00151,18,4488.0,1.46,5798.0,1.89,1310.0,77.41
_tigfCJFLZg_00151,19,4091.0,1.33,5143.0,1.67,1052.0,79.55
_tigfCJFLZg_00151,20,3714.0,1.21,4945.0,1.61,1231.0,75.11
_tigfCJFLZg_00151,21,3415.0,1.11,4668.0,1.52,1253.0,73.16
_tigfCJFLZg_00151,22,3188.0,1.04,4341.0,1.41,1153.0,73.44
_tigfCJFLZg_00151,23,3370.0,1.1,4520.0,1.47,1150.0,74.56
_tigfCJFLZg_00154,0,169.0,0.06,5229.0,1.7,5060.0,3.23
_tigfCJFLZg_00154,1,1037.0,0.34,3757.0,1.22,2720.0,27.6
_tigfCJFLZg_00154,2,1706.0,0.56,4198.0,1.37,2492.0,40.64
_tigfCJFLZg_00154,3,2534.0,0.82,4231.0,1.38,1697.0,59.89
_tigfCJFLZg_00154,4,2805.0,0.91,4460.0,1.45,1655.0,62.89
_tigfCJFLZg_00154,5,2446.0,0.8,4403.0,1.43,1957.0,55.55
_tigfCJFLZg_00154,6,2576.0,0.84,4643.0,1.51,2067.0,55.48
_tigfCJFLZg_00154,7,2955.0,0.96,5679.0,1.85,2724.0,52.03
_tigfCJFLZg_00154,8,4056.0,1.32,6100.0,1.99,2044.0,66.49
_tigfCJFLZg_00154,9,4878.0,1.59,7070.0,2.3,2192.0,69.0
_tigfCJFLZg_00154,10,5078.0,1.65,7227.0,2.35,2149.0,70.26
_tigfCJFLZg_00154,11,5592.0,1.82,8149.0,2.65,2557.0,68.62
_tigfCJFLZg_00154,12,6275.0,2.04,8211.0,2.67,1936.0,76.42
_tigfCJFLZg_00154,13,7047.0,2.29,9259.0,3.01,2212.0,76.11
_tigfCJFLZg_00154,14,7738.0,2.52,9753.0,3.17,2015.0,79.34
_tigfCJFLZg_00154,15,8519.0,2.77,11082.0,3.61,2563.0,76.87
_tigfCJFLZg_00154,16,8800.0,2.86,11023.0,3.59,2223.0,79.83
_tigfCJFLZg_00154,17,8721.0,2.84,10991.0,3.58,2270.0,79.35
_tigfCJFLZg_00154,18,8819.0,2.87,11107.0,3.62,2288.0,79.4
_tigfCJFLZg_00154,19,8540.0,2.78,11246.0,3.66,2706.0,75.94
_tigfCJFLZg_00154,20,7998.0,2.6,10328.0,3.36,2330.0,77.44
_tigfCJFLZg_00154,21,7622.0,2.48,10013.0,3.26,2391.0,76.12
_tigfCJFLZg_00154,22,7031.0,2.29,9388.0,3.06,2357.0,74.89
_tigfCJFLZg_00157,0,12.0,0.0,4451.0,1.45,4439.0,0.27
_tigfCJFLZg_00157,1,1.0,0.0,4766.0,1.55,4765.0,0.02
_tigfCJFLZg_00157,2,354.0,0.12,7133.0,2.32,6779.0,4.96
_tigfCJFLZg_00157,3,1427.0,0.46,9611.0,3.13,8184.0,14.85
_tigfCJFLZg_00157,4,1764.0,0.57,11856.0,3.86,10092.0,14.88
_tigfCJFLZg_00157,5,2542.0,0.83,13350.0,4.35,10808.0,19.04
_tigfCJFLZg_00157,6,3225.0,1.05,15023.0,4.89,11798.0,21.47
_tigfCJFLZg_00157,7,3623.0,1.18,17073.0,5.56,13450.0,21.22
_tigfCJFLZg_00157,8,3589.0,1.17,18273.0,5.95,14684.0,19.64
_tigfCJFLZg_00157,9,2927.0,0.95,19070.0,6.21,16143.0,15.35
_tigfCJFLZg_00157,10,2887.0,0.94,19949.0,6.49,17062.0,14.47
_tigfCJFLZg_00157,11,2868.0,0.93,20094.0,6.54,17226.0,14.27
_tigfCJFLZg_00157,12,3501.0,1.14,20978.0,6.83,17477.0,16.69
_tigfCJFLZg_00157,13,4632.0,1.51,22048.0,7.18,17416.0,21.01
_tigfCJFLZg_00157,14,5906.0,1.92,21827.0,7.11,15921.0,27.06
_tigfCJFLZg_00157,15,6781.0,2.21,21631.0,7.04,14850.0,31.35
_tigfCJFLZg_00157,16,6937.0,2.26,20603.0,6.71,13666.0,33.67
_tigfCJFLZg_00157,17,7381.0,2.4,19990.0,6.51,12609.0,36.92
_tigfCJFLZg_00157,18,7480.0,2.43,19222.0,6.26,11742.0,38.91
_tigfCJFLZg_00157,19,7142.0,2.32,18661.0,6.07,11519.0,38.27
_tigfCJFLZg_00157,20,6802.0,2.21,17699.0,5.76,10897.0,38.43
_tigfCJFLZg_00157,21,6805.0,2.22,17439.0,5.68,10634.0,39.02
_tigfCJFLZg_00157,22,6753.0,2.2,16971.0,5.52,10218.0,39.79
_tigfCJFLZg_00157,23,6590.0,2.15,16939.0,5.51,10349.0,38.9
_tigfCJFLZg_00157,24,6590.0,2.15,16971.0,5.52,10381.0,38.83
_tigfCJFLZg_00157,25,6632.0,2.16,16704.0,5.44,10072.0,39.7
_tigfCJFLZg_00157,26,7200.0,2.34,15934.0,5.19,8734.0,45.19
_tigfCJFLZg_00157,27,6901.0,2.25,16071.0,5.23,9170.0,42.94
_tigfCJFLZg_00160,0,0.0,0.0,8221.0,2.68,8221.0,0.0
_tigfCJFLZg_00160,1,1224.0,0.4,13115.0,4.27,11891.0,9.33
_tigfCJFLZg_00160,2,1253.0,0.41,13265.0,4.32,12012.0,9.45
_tigfCJFLZg_00160,3,1110.0,0.36,13385.0,4.36,12275.0,8.29
_tigfCJFLZg_00160,4,1146.0,0.37,12036.0,3.92,10890.0,9.52
_tigfCJFLZg_00160,5,1107.0,0.36,12195.0,3.97,11088.0,9.08
_tigfCJFLZg_00160,6,937.0,0.31,12412.0,4.04,11475.0,7.55
_tigfCJFLZg_00160,7,922.0,0.3,11849.0,3.86,10927.0,7.78
_tigfCJFLZg_00160,8,981.0,0.32,11645.0,3.79,10664.0,8.42
_tigfCJFLZg_00160,9,1122.0,0.37,11352.0,3.7,10230.0,9.88
_tigfCJFLZg_00160,10,1064.0,0.35,11503.0,3.74,10439.0,9.25
_tigfCJFLZg_00160,11,1163.0,0.38,11423.0,3.72,10260.0,10.18
_tigfCJFLZg_00160,12,1217.0,0.4,11664.0,3.8,10447.0,10.43
_tigfCJFLZg_00160,13,1168.0,0.38,11498.0,3.74,10330.0,10.16
_tigfCJFLZg_00160,14,1193.0,0.39,11563.0,3.76,10370.0,10.32
_tigfCJFLZg_00160,15,1216.0,0.4,11618.0,3.78,10402.0,10.47
_tigfCJFLZg_00160,16,1040.0,0.34,11132.0,3.62,10092.0,9.34
_tigfCJFLZg_00160,17,995.0,0.32,11261.0,3.67,10266.0,8.84
_tigfCJFLZg_00160,18,854.0,0.28,11041.0,3.59,10187.0,7.73
_tigfCJFLZg_00167,0,42.0,0.01,2420.0,0.79,2378.0,1.74
_tigfCJFLZg_00167,1,279.0,0.09,2364.0,0.77,2085.0,11.8
_tigfCJFLZg_00167,2,745.0,0.24,2494.0,0.81,1749.0,29.87
_tigfCJFLZg_00167,3,1059.0,0.34,2727.0,0.89,1668.0,38.83
_tigfCJFLZg_00167,4,1257.0,0.41,3128.0,1.02,1871.0,40.19
_tigfCJFLZg_00167,5,1391.0,0.45,3411.0,1.11,2020.0,40.78
_tigfCJFLZg_00167,6,1610.0,0.52,3634.0,1.18,2024.0,44.3
_tigfCJFLZg_00167,7,1821.0,0.59,4065.0,1.32,2244.0,44.8
_tigfCJFLZg_00167,8,1974.0,0.64,4128.0,1.34,2154.0,47.82
_tigfCJFLZg_00167,9,2017.0,0.66,4385.0,1.43,2368.0,46.0
_tigfCJFLZg_00167,10,2258.0,0.74,4696.0,1.53,2438.0,48.08
_tigfCJFLZg_00167,11,2234.0,0.73,5062.0,1.65,2828.0,44.13
_tigfCJFLZg_00167,12,2304.0,0.75,4944.0,1.61,2640.0,46.6
_tigfCJFLZg_00167,13,2334.0,0.76,5192.0,1.69,2858.0,44.95
_tigfCJFLZg_00167,14,2550.0,0.83,5324.0,1.73,2774.0,47.9
_tigfCJFLZg_00167,15,2669.0,0.87,5723.0,1.86,3054.0,46.64
_tigfCJFLZg_00167,16,2788.0,0.91,5734.0,1.87,2946.0,48.62
_tigfCJFLZg_00167,17,2823.0,0.92,5889.0,1.92,3066.0,47.94
_tigfCJFLZg_00167,18,2854.0,0.93,5669.0,1.85,2815.0,50.34
_tigfCJFLZg_00167,19,2759.0,0.9,5666.0,1.84,2907.0,48.69
_tigfCJFLZg_00167,20,2782.0,0.91,5467.0,1.78,2685.0,50.89
_tigfCJFLZg_00167,21,2682.0,0.87,5374.0,1.75,2692.0,49.91
_tigfCJFLZg_00167,22,2729.0,0.89,5207.0,1.69,2478.0,52.41
_tigfCJFLZg_00187,0,0.0,0.0,12536.0,4.08,12536.0,0.0
_tigfCJFLZg_00187,1,377.0,0.12,8984.0,2.92,8607.0,4.2
_tigfCJFLZg_00187,2,1717.0,0.56,7119.0,2.32,5402.0,24.12
_tigfCJFLZg_00187,3,2175.0,0.71,4582.0,1.49,2407.0,47.47
_tigfCJFLZg_00187,4,3173.0,1.03,4780.0,1.56,1607.0,66.38
_tigfCJFLZg_00187,5,3915.0,1.27,4453.0,1.45,538.0,87.92
_tigfCJFLZg_00187,6,3190.0,1.04,4470.0,1.46,1280.0,71.36
_tigfCJFLZg_00187,7,3089.0,1.01,4208.0,1.37,1119.0,73.41
_tigfCJFLZg_00187,8,2955.0,0.96,3687.0,1.2,732.0,80.15
_tigfCJFLZg_00187,9,3289.0,1.07,3915.0,1.27,626.0,84.01
_tigfCJFLZg_00187,10,3965.0,1.29,4732.0,1.54,767.0,83.79
_tigfCJFLZg_00187,11,4579.0,1.49,5496.0,1.79,917.0,83.32
_tigfCJFLZg_00187,12,5228.0,1.7,6021.0,1.96,793.0,86.83
_tigfCJFLZg_00187,13,5754.0,1.87,6562.0,2.14,808.0,87.69
_tigfCJFLZg_00187,14,6238.0,2.03,6936.0,2.26,698.0,89.94
_tigfCJFLZg_00187,15,6858.0,2.23,7483.0,2.44,625.0,91.65
_tigfCJFLZg_00187,16,7218.0,2.35,7618.0,2.48,400.0,94.75
_tigfCJFLZg_00187,17,7052.0,2.3,7517.0,2.45,465.0,93.81
_tigfCJFLZg_00187,18,6735.0,2.19,7068.0,2.3,333.0,95.29
_tigfCJFLZg_00187,19,5445.0,1.77,6416.0,2.09,971.0,84.87
_tigfCJFLZg_00187,20,5802.0,1.89,6215.0,2.02,413.0,93.35
_tigfCJFLZg_00187,21,5444.0,1.77,6036.0,1.96,592.0,90.19
_tigfCJFLZg_00203,0,0.0,0.0,2132.0,0.69,2132.0,0.0
_tigfCJFLZg_00203,1,23.0,0.01,2283.0,0.74,2260.0,1.01
_tigfCJFLZg_00203,2,135.0,0.04,2753.0,0.9,2618.0,4.9
_tigfCJFLZg_00203,3,494.0,0.16,3197.0,1.04,2703.0,15.45
_tigfCJFLZg_00203,4,899.0,0.29,4033.0,1.31,3134.0,22.29
_tigfCJFLZg_00203,5,1172.0,0.38,4516.0,1.47,3344.0,25.95
_tigfCJFLZg_00203,6,1400.0,0.46,4974.0,1.62,3574.0,28.15
_tigfCJFLZg_00203,7,1516.0,0.49,5089.0,1.66,3573.0,29.79
_tigfCJFLZg_00203,8,1716.0,0.56,5338.0,1.74,3622.0,32.15
_tigfCJFLZg_00203,9,1835.0,0.6,5696.0,1.85,3861.0,32.22
_tigfCJFLZg_00203,10,1842.0,0.6,5905.0,1.92,4063.0,31.19
_tigfCJFLZg_00203,11,1795.0,0.58,5744.0,1.87,3949.0,31.25
_tigfCJFLZg_00203,12,1768.0,0.58,5621.0,1.83,3853.0,31.45
_tigfCJFLZg_00203,13,1502.0,0.49,5378.0,1.75,3876.0,27.93
_tigfCJFLZg_00203,14,1487.0,0.48,5557.0,1.81,4070.0,26.76
_tigfCJFLZg_00203,15,1155.0,0.38,5227.0,1.7,4072.0,22.1
_tigfCJFLZg_00203,16,1051.0,0.34,5081.0,1.65,4030.0,20.68
_tigfCJFLZg_00203,17,949.0,0.31,4924.0,1.6,3975.0,19.27
_tigfCJFLZg_00203,18,1018.0,0.33,4958.0,1.61,3940.0,20.53
_tigfCJFLZg_00203,19,1106.0,0.36,5133.0,1.67,4027.0,21.55
_tigfCJFLZg_00203,20,1023.0,0.33,4972.0,1.62,3949.0,20.58
_tigfCJFLZg_00203,21,1035.0,0.34,5079.0,1.65,4044.0,20.38
_tigfCJFLZg_00203,22,1088.0,0.35,5010.0,1.63,3922.0,21.72
_tigfCJFLZg_00203,23,1120.0,0.36,5223.0,1.7,4103.0,21.44
_tigfCJFLZg_00203,24,1171.0,0.38,5184.0,1.69,4013.0,22.59
_tigfCJFLZg_00203,25,1181.0,0.38,5145.0,1.67,3964.0,22.95
_tigfCJFLZg_00203,26,1402.0,0.46,5258.0,1.71,3856.0,26.66
_tigfCJFLZg_00203,27,1504.0,0.49,5460.0,1.78,3956.0,27.55
_tigfCJFLZg_00203,28,1599.0,0.52,5588.0,1.82,3989.0,28.61
_tigfCJFLZg_00203,29,1693.0,0.55,5637.0,1.83,3944.0,30.03
_tigfCJFLZg_00203,30,1920.0,0.62,5933.0,1.93,4013.0,32.36
_tigfCJFLZg_00203,31,2090.0,0.68,6045.0,1.97,3955.0,34.57
_tigfCJFLZg_00203,32,2267.0,0.74,6127.0,1.99,3860.0,37.0
_tigfCJFLZg_00203,33,2403.0,0.78,6157.0,2.0,3754.0,39.03
_tigfCJFLZg_00203,34,2539.0,0.83,6283.0,2.05,3744.0,40.41
_tigfCJFLZg_00203,35,2720.0,0.89,6568.0,2.14,3848.0,41.41
_tigfCJFLZg_00203,36,2857.0,0.93,6738.0,2.19,3881.0,42.4
_tigfCJFLZg_00203,37,2925.0,0.95,6807.0,2.22,3882.0,42.97
_tigfCJFLZg_00203,38,2903.0,0.94,6710.0,2.18,3807.0,43.26
_tigfCJFLZg_00203,39,2984.0,0.97,6948.0,2.26,3964.0,42.95
_tigfCJFLZg_00203,40,2984.0,0.97,6948.0,2.26,3964.0,42.95
_tigfCJFLZg_00203,41,2950.0,0.96,6889.0,2.24,3939.0,42.82
_tigfCJFLZg_00203,42,2991.0,0.97,7080.0,2.3,4089.0,42.25
_tigfCJFLZg_00203,43,3140.0,1.02,7153.0,2.33,4013.0,43.9
_tigfCJFLZg_00203,44,3185.0,1.04,7032.0,2.29,3847.0,45.29
_tigfCJFLZg_00203,45,3244.0,1.06,7113.0,2.32,3869.0,45.61
_tigfCJFLZg_00203,46,3334.0,1.09,7289.0,2.37,3955.0,45.74
_tigfCJFLZg_00206,0,73.0,0.02,479.0,0.16,406.0,15.24
_tigfCJFLZg_00206,1,148.0,0.05,552.0,0.18,404.0,26.81
_tigfCJFLZg_00206,2,392.0,0.13,848.0,0.28,456.0,46.23
_tigfCJFLZg_00206,3,658.0,0.21,1246.0,0.41,588.0,52.81
_tigfCJFLZg_00206,4,942.0,0.31,1643.0,0.53,701.0,57.33
_tigfCJFLZg_00206,5,1135.0,0.37,2193.0,0.71,1058.0,51.76
_tigfCJFLZg_00206,6,1270.0,0.41,2673.0,0.87,1403.0,47.51
_tigfCJFLZg_00206,7,1389.0,0.45,2963.0,0.96,1574.0,46.88
_tigfCJFLZg_00206,8,1233.0,0.4,3661.0,1.19,2428.0,33.68
_tigfCJFLZg_00206,9,1229.0,0.4,4211.0,1.37,2982.0,29.19
_tigfCJFLZg_00206,10,1358.0,0.44,4235.0,1.38,2877.0,32.07
_tigfCJFLZg_00206,11,1445.0,0.47,4529.0,1.47,3084.0,31.91
_tigfCJFLZg_00206,12,1663.0,0.54,4735.0,1.54,3072.0,35.12
_tigfCJFLZg_00206,13,1621.0,0.53,4944.0,1.61,3323.0,32.79
_tigfCJFLZg_00206,14,1934.0,0.63,5290.0,1.72,3356.0,36.56
_tigfCJFLZg_00206,15,1987.0,0.65,5627.0,1.83,3640.0,35.31
_tigfCJFLZg_00206,16,2019.0,0.66,5928.0,1.93,3909.0,34.06
_tigfCJFLZg_00206,17,2369.0,0.77,6416.0,2.09,4047.0,36.92
_tigfCJFLZg_00206,18,2765.0,0.9,6404.0,2.08,3639.0,43.18
_tigfCJFLZg_00206,19,2827.0,0.92,6520.0,2.12,3693.0,43.36
_tigfCJFLZg_00206,20,2722.0,0.89,6403.0,2.08,3681.0,42.51
_tigfCJFLZg_00206,21,2326.0,0.76,6403.0,2.08,4077.0,36.33
_tigfCJFLZg_00206,22,2139.0,0.7,6003.0,1.95,3864.0,35.63
_tigfCJFLZg_00206,23,1830.0,0.6,5875.0,1.91,4045.0,31.15
_tigfCJFLZg_00206,24,1616.0,0.53,5435.0,1.77,3819.0,29.73
_tigfCJFLZg_00206,25,1452.0,0.47,5552.0,1.81,4100.0,26.15
_tigfCJFLZg_00206,26,1407.0,0.46,5533.0,1.8,4126.0,25.43
_tigfCJFLZg_00206,27,1327.0,0.43,5758.0,1.87,4431.0,23.05
_tigfCJFLZg_00206,28,1183.0,0.39,5557.0,1.81,4374.0,21.29
_tigfCJFLZg_00206,29,1346.0,0.44,5924.0,1.93,4578.0,22.72
_tigfCJFLZg_00206,30,1615.0,0.53,6376.0,2.08,4761.0,25.33
_tigfCJFLZg_00206,31,1798.0,0.59,6756.0,2.2,4958.0,26.61
_tigfCJFLZg_00206,32,1906.0,0.62,7135.0,2.32,5229.0,26.71
_tigfCJFLZg_00206,33,2045.0,0.67,7367.0,2.4,5322.0,27.76
_tigfCJFLZg_00206,34,2138.0,0.7,7654.0,2.49,5516.0,27.93
_tigfCJFLZg_00206,35,2291.0,0.75,7700.0,2.51,5409.0,29.75
_tigfCJFLZg_00206,36,2456.0,0.8,7972.0,2.6,5516.0,30.81
_tigfCJFLZg_00206,37,2640.0,0.86,8097.0,2.64,5457.0,32.6
_tigfCJFLZg_00206,38,2791.0,0.91,8076.0,2.63,5285.0,34.56
_tigfCJFLZg_00206,39,2915.0,0.95,8048.0,2.62,5133.0,36.22
_tigfCJFLZg_00206,40,3081.0,1.0,8383.0,2.73,5302.0,36.75
_tigfCJFLZg_00206,41,3205.0,1.04,8700.0,2.83,5495.0,36.84
_tigfCJFLZg_00206,42,3306.0,1.08,8954.0,2.91,5648.0,36.92
_tigfCJFLZg_00206,43,3437.0,1.12,8976.0,2.92,5539.0,38.29
_tigfCJFLZg_00206,44,3531.0,1.15,9297.0,3.03,5766.0,37.98
_tigfCJFLZg_00206,45,3626.0,1.18,9376.0,3.05,5750.0,38.67
_tigfCJFLZg_00206,46,3751.0,1.22,9597.0,3.12,5846.0,39.09
_tigfCJFLZg_00206,47,3967.0,1.29,9635.0,3.14,5668.0,41.17
_tigfCJFLZg_00206,48,4089.0,1.33,9924.0,3.23,5835.0,41.2
_tigfCJFLZg_00206,49,4188.0,1.36,10138.0,3.3,5950.0,41.31
_tigfCJFLZg_00206,50,4148.0,1.35,10112.0,3.29,5964.0,41.02
_tigfCJFLZg_00206,51,4217.0,1.37,10305.0,3.35,6088.0,40.92
_tigfCJFLZg_00206,52,4585.0,1.49,10603.0,3.45,6018.0,43.24
_tigfCJFLZg_00206,53,4617.0,1.5,10721.0,3.49,6104.0,43.07
_tigfCJFLZg_00206,54,5710.0,1.86,10929.0,3.56,5219.0,52.25
_tigfCJFLZg_00206,55,4734.0,1.54,11006.0,3.58,6272.0,43.01
_tigfCJFLZg_00206,56,4850.0,1.58,11286.0,3.67,6436.0,42.97
_tigfCJFLZg_00206,57,4894.0,1.59,11488.0,3.74,6594.0,42.6
_tigfCJFLZg_00206,58,4898.0,1.59,11781.0,3.83,6883.0,41.58
_tigfCJFLZg_00206,59,5004.0,1.63,11842.0,3.85,6838.0,42.26
_tigfCJFLZg_00206,60,5028.0,1.64,11973.0,3.9,6945.0,41.99
_tigfCJFLZg_00206,61,5058.0,1.65,12077.0,3.93,7019.0,41.88
_tigfCJFLZg_00206,62,5121.0,1.67,12143.0,3.95,7022.0,42.17
_tigfCJFLZg_00206,63,5168.0,1.68,12203.0,3.97,7035.0,42.35
_tigfCJFLZg_00206,64,5086.0,1.66,12179.0,3.96,7093.0,41.76
_tigfCJFLZg_00206,65,5185.0,1.69,12358.0,4.02,7173.0,41.96
_tigfCJFLZg_00206,66,5187.0,1.69,12327.0,4.01,7140.0,42.08
_tigfCJFLZg_00206,67,5189.0,1.69,12325.0,4.01,7136.0,42.1
_tigfCJFLZg_00206,68,4786.0,1.56,10682.0,3.48,5896.0,44.8
_tigfCJFLZg_00209,0,210.0,0.07,10953.0,3.57,10743.0,1.92
_tigfCJFLZg_00209,1,61.0,0.02,2733.0,0.89,2672.0,2.23
_tigfCJFLZg_00209,2,164.0,0.05,2573.0,0.84,2409.0,6.37
_tigfCJFLZg_00209,3,226.0,0.07,2360.0,0.77,2134.0,9.58
_tigfCJFLZg_00209,4,340.0,0.11,2211.0,0.72,1871.0,15.38
_tigfCJFLZg_00209,5,504.0,0.16,2457.0,0.8,1953.0,20.51
_tigfCJFLZg_00209,6,1078.0,0.35,2126.0,0.69,1048.0,50.71
_tigfCJFLZg_00209,7,1371.0,0.45,1995.0,0.65,624.0,68.72
_tigfCJFLZg_00209,8,1396.0,0.45,2107.0,0.69,711.0,66.26
_tigfCJFLZg_00209,9,1658.0,0.54,2397.0,0.78,739.0,69.17
_tigfCJFLZg_00209,10,2045.0,0.67,2829.0,0.92,784.0,72.29
_tigfCJFLZg_00209,11,2514.0,0.82,3366.0,1.1,852.0,74.69
_tigfCJFLZg_00209,12,2851.0,0.93,3725.0,1.21,874.0,76.54
_tigfCJFLZg_00209,13,2824.0,0.92,3663.0,1.19,839.0,77.1
_tigfCJFLZg_00209,14,2951.0,0.96,3843.0,1.25,892.0,76.79
_tigfCJFLZg_00209,15,2686.0,0.87,4018.0,1.31,1332.0,66.85
_tigfCJFLZg_00209,16,2847.0,0.93,4101.0,1.33,1254.0,69.42
_tigfCJFLZg_00209,17,2808.0,0.91,4410.0,1.44,1602.0,63.67
_tigfCJFLZg_00209,18,3102.0,1.01,4645.0,1.51,1543.0,66.78
_tigfCJFLZg_00209,19,3068.0,1.0,4621.0,1.5,1553.0,66.39
_tigfCJFLZg_00209,20,3051.0,0.99,4572.0,1.49,1521.0,66.73
_tigfCJFLZg_00209,21,2825.0,0.92,4522.0,1.47,1697.0,62.47
_tigfCJFLZg_00209,22,2825.0,0.92,4522.0,1.47,1697.0,62.47
_tigfCJFLZg_00209,23,2619.0,0.85,4383.0,1.43,1764.0,59.75
_tigfCJFLZg_00209,24,2335.0,0.76,4259.0,1.39,1924.0,54.83
_tigfCJFLZg_00209,25,2429.0,0.79,4356.0,1.42,1927.0,55.76
_tigfCJFLZg_00209,26,2543.0,0.83,4428.0,1.44,1885.0,57.43
_tigfCJFLZg_00209,27,2672.0,0.87,4606.0,1.5,1934.0,58.01
_tigfCJFLZg_00209,28,2783.0,0.91,4721.0,1.54,1938.0,58.95
_tigfCJFLZg_00209,29,2995.0,0.97,5019.0,1.63,2024.0,59.67
_tigfCJFLZg_00209,30,3126.0,1.02,5013.0,1.63,1887.0,62.36
_tigfCJFLZg_00209,31,3233.0,1.05,5091.0,1.66,1858.0,63.5
_tigfCJFLZg_00209,32,3234.0,1.05,5020.0,1.63,1786.0,64.42
_tigfCJFLZg_00209,33,3249.0,1.06,5099.0,1.66,1850.0,63.72
_tigfCJFLZg_00209,34,3204.0,1.04,4884.0,1.59,1680.0,65.6
_tigfCJFLZg_00209,35,3225.0,1.05,4954.0,1.61,1729.0,65.1
_tigfCJFLZg_00209,36,3332.0,1.08,4996.0,1.63,1664.0,66.69
_tigfCJFLZg_00209,37,3404.0,1.11,5121.0,1.67,1717.0,66.47
_tigfCJFLZg_00209,38,3658.0,1.19,5184.0,1.69,1526.0,70.56
_tigfCJFLZg_00209,39,3885.0,1.26,5415.0,1.76,1530.0,71.75
_tigfCJFLZg_00209,40,3934.0,1.28,5328.0,1.73,1394.0,73.84
_tigfCJFLZg_00217,0,343.0,0.11,15261.0,4.97,14918.0,2.25
_tigfCJFLZg_00217,1,53.0,0.02,2535.0,0.83,2482.0,2.09
_tigfCJFLZg_00217,2,107.0,0.03,2507.0,0.82,2400.0,4.27
_tigfCJFLZg_00217,3,272.0,0.09,2437.0,0.79,2165.0,11.16
_tigfCJFLZg_00217,4,498.0,0.16,2635.0,0.86,2137.0,18.9
_tigfCJFLZg_00217,5,676.0,0.22,2717.0,0.88,2041.0,24.88
_tigfCJFLZg_00217,6,1202.0,0.39,3425.0,1.11,2223.0,35.09
_tigfCJFLZg_00217,7,1830.0,0.6,3803.0,1.24,1973.0,48.12
_tigfCJFLZg_00217,8,2182.0,0.71,4028.0,1.31,1846.0,54.17
_tigfCJFLZg_00217,9,2310.0,0.75,3718.0,1.21,1408.0,62.13
_tigfCJFLZg_00217,10,2514.0,0.82,3755.0,1.22,1241.0,66.95
_tigfCJFLZg_00217,11,2658.0,0.87,3613.0,1.18,955.0,73.57
_tigfCJFLZg_00217,12,3059.0,1.0,4202.0,1.37,1143.0,72.8
_tigfCJFLZg_00217,13,3049.0,0.99,4244.0,1.38,1195.0,71.84
_tigfCJFLZg_00217,14,3178.0,1.03,4730.0,1.54,1552.0,67.19
_tigfCJFLZg_00217,15,3051.0,0.99,4535.0,1.48,1484.0,67.28
_tigfCJFLZg_00217,16,2537.0,0.83,3851.0,1.25,1314.0,65.88
_tigfCJFLZg_00217,17,2266.0,0.74,3601.0,1.17,1335.0,62.93
_tigfCJFLZg_00217,18,2172.0,0.71,3636.0,1.18,1464.0,59.74
_tigfCJFLZg_00217,19,2000.0,0.65,3597.0,1.17,1597.0,55.6
_tigfCJFLZg_00217,20,1998.0,0.65,3594.0,1.17,1596.0,55.59
_tigfCJFLZg_00217,21,1698.0,0.55,3156.0,1.03,1458.0,53.8
_tigfCJFLZg_00217,22,1214.0,0.4,2731.0,0.89,1517.0,44.45
_tigfCJFLZg_00217,23,1403.0,0.46,2830.0,0.92,1427.0,49.58
_tigfCJFLZg_00217,24,1449.0,0.47,3088.0,1.01,1639.0,46.92
_tigfCJFLZg_00217,25,1555.0,0.51,3113.0,1.01,1558.0,49.95
_tigfCJFLZg_00217,26,1626.0,0.53,3259.0,1.06,1633.0,49.89
_tigfCJFLZg_00217,27,1780.0,0.58,3371.0,1.1,1591.0,52.8
_tigfCJFLZg_00217,28,1895.0,0.62,3513.0,1.14,1618.0,53.94
_tigfCJFLZg_00217,29,2023.0,0.66,3606.0,1.17,1583.0,56.1
_tigfCJFLZg_00217,30,2200.0,0.72,3894.0,1.27,1694.0,56.5
_tigfCJFLZg_00217,31,2388.0,0.78,3947.0,1.28,1559.0,60.5
_tigfCJFLZg_00217,32,2409.0,0.78,3995.0,1.3,1586.0,60.3
_tigfCJFLZg_00217,33,2583.0,0.84,4151.0,1.35,1568.0,62.23
_tigfCJFLZg_00217,34,2732.0,0.89,4391.0,1.43,1659.0,62.22
_tigfCJFLZg_00217,35,2818.0,0.92,4237.0,1.38,1419.0,66.51
_tigfCJFLZg_00217,36,2952.0,0.96,4414.0,1.44,1462.0,66.88
_tigfCJFLZg_00217,37,3079.0,1.0,4398.0,1.43,1319.0,70.01
_tigfCJFLZg_00217,38,3216.0,1.05,4650.0,1.51,1434.0,69.16
_tigfCJFLZg_00217,39,3387.0,1.1,4755.0,1.55,1368.0,71.23
_tigfCJFLZg_00217,40,3477.0,1.13,4897.0,1.59,1420.0,71.0
_tigfCJFLZg_00217,41,3638.0,1.18,4934.0,1.61,1296.0,73.73
_tigfCJFLZg_00217,42,3676.0,1.2,4987.0,1.62,1311.0,73.71
_tigfCJFLZg_00217,43,3744.0,1.22,4931.0,1.61,1187.0,75.93
_tigfCJFLZg_00237,0,1623.0,0.53,3691.0,1.2,2068.0,43.97
_tigfCJFLZg_00237,1,3222.0,1.05,4693.0,1.53,1471.0,68.66
_tigfCJFLZg_00237,2,2570.0,0.84,4167.0,1.36,1597.0,61.68
_tigfCJFLZg_00237,3,2638.0,0.86,3758.0,1.22,1120.0,70.2
_tigfCJFLZg_00237,4,3146.0,1.02,3742.0,1.22,596.0,84.07
_tigfCJFLZg_00237,5,4420.0,1.44,4963.0,1.62,543.0,89.06
_tigfCJFLZg_00237,6,6206.0,2.02,6751.0,2.2,545.0,91.93
_tigfCJFLZg_00237,7,7607.0,2.48,8172.0,2.66,565.0,93.09
_tigfCJFLZg_00237,8,7292.0,2.37,7792.0,2.54,500.0,93.58
_tigfCJFLZg_00237,9,7392.0,2.41,7527.0,2.45,135.0,98.21
_tigfCJFLZg_00237,10,7492.0,2.44,7964.0,2.59,472.0,94.07
_tigfCJFLZg_00237,11,7812.0,2.54,8303.0,2.7,491.0,94.09
_tigfCJFLZg_00237,12,8568.0,2.79,8963.0,2.92,395.0,95.59
_tigfCJFLZg_00237,13,8960.0,2.92,9239.0,3.01,279.0,96.98
_tigfCJFLZg_00237,14,9697.0,3.16,10088.0,3.28,391.0,96.12
_tigfCJFLZg_00237,15,9923.0,3.23,10259.0,3.34,336.0,96.72
_tigfCJFLZg_00237,16,9607.0,3.13,10051.0,3.27,444.0,95.58
_tigfCJFLZg_00237,17,9191.0,2.99,9584.0,3.12,393.0,95.9
_tigfCJFLZg_00237,18,8920.0,2.9,9412.0,3.06,492.0,94.77
_tigfCJFLZg_00237,19,8812.0,2.87,9391.0,3.06,579.0,93.83
_tigfCJFLZg_00237,20,7963.0,2.59,8676.0,2.82,713.0,91.78
_tigfCJFLZg_00237,21,7452.0,2.43,7986.0,2.6,534.0,93.31
_tigfCJFLZg_00237,22,7453.0,2.43,7754.0,2.52,301.0,96.12
_tigfCJFLZg_00243,0,38.0,0.01,2323.0,0.76,2285.0,1.64
_tigfCJFLZg_00243,1,340.0,0.11,2622.0,0.85,2282.0,12.97
_tigfCJFLZg_00243,2,1434.0,0.47,2203.0,0.72,769.0,65.09
_tigfCJFLZg_00243,3,2414.0,0.79,2640.0,0.86,226.0,91.44
_tigfCJFLZg_00243,4,2472.0,0.8,2952.0,0.96,480.0,83.74
_tigfCJFLZg_00243,5,2241.0,0.73,2865.0,0.93,624.0,78.22
_tigfCJFLZg_00243,6,1656.0,0.54,2671.0,0.87,1015.0,62.0
_tigfCJFLZg_00243,7,1331.0,0.43,2420.0,0.79,1089.0,55.0
_tigfCJFLZg_00243,8,1729.0,0.56,2971.0,0.97,1242.0,58.2
_tigfCJFLZg_00243,9,2145.0,0.7,3351.0,1.09,1206.0,64.01
_tigfCJFLZg_00243,10,2950.0,0.96,4136.0,1.35,1186.0,71.32
_tigfCJFLZg_00243,11,4257.0,1.39,5523.0,1.8,1266.0,77.08
_tigfCJFLZg_00243,12,4951.0,1.61,6221.0,2.03,1270.0,79.59
_tigfCJFLZg_00243,13,5737.0,1.87,6746.0,2.2,1009.0,85.04
_tigfCJFLZg_00246,0,144.0,0.05,3718.0,1.21,3574.0,3.87
_tigfCJFLZg_00246,1,1523.0,0.5,8251.0,2.69,6728.0,18.46
_tigfCJFLZg_00246,2,2455.0,0.8,11079.0,3.61,8624.0,22.16
_tigfCJFLZg_00246,3,3076.0,1.0,13199.0,4.3,10123.0,23.3
_tigfCJFLZg_00246,4,3608.0,1.17,13707.0,4.46,10099.0,26.32
_tigfCJFLZg_00246,5,3633.0,1.18,13390.0,4.36,9757.0,27.13
_tigfCJFLZg_00246,6,3642.0,1.19,12906.0,4.2,9264.0,28.22
_tigfCJFLZg_00246,7,3978.0,1.29,13279.0,4.32,9301.0,29.96
_tigfCJFLZg_00246,8,4298.0,1.4,12798.0,4.17,8500.0,33.58
_tigfCJFLZg_00246,9,5057.0,1.65,13637.0,4.44,8580.0,37.08
_tigfCJFLZg_00246,10,6207.0,2.02,15167.0,4.94,8960.0,40.92
_tigfCJFLZg_00246,11,8087.0,2.63,16741.0,5.45,8654.0,48.31
_tigfCJFLZg_00246,12,9632.0,3.14,18497.0,6.02,8865.0,52.07
_tigfCJFLZg_00258,0,190.0,0.06,1689.0,0.55,1499.0,11.25
_tigfCJFLZg_00258,1,792.0,0.26,2323.0,0.76,1531.0,34.09
_tigfCJFLZg_00258,2,1403.0,0.46,1922.0,0.63,519.0,73.0
_tigfCJFLZg_00258,3,2374.0,0.77,4040.0,1.32,1666.0,58.76
_tigfCJFLZg_00258,4,2619.0,0.85,4861.0,1.58,2242.0,53.88
_tigfCJFLZg_00258,5,2568.0,0.84,5370.0,1.75,2802.0,47.82
_tigfCJFLZg_00258,6,1589.0,0.52,5024.0,1.64,3435.0,31.63
_tigfCJFLZg_00258,7,1001.0,0.33,4494.0,1.46,3493.0,22.27
_tigfCJFLZg_00258,8,1032.0,0.34,3852.0,1.25,2820.0,26.79
_tigfCJFLZg_00258,9,1599.0,0.52,4594.0,1.5,2995.0,34.81
_tigfCJFLZg_00258,10,1794.0,0.58,4604.0,1.5,2810.0,38.97
_tigfCJFLZg_00258,11,2046.0,0.67,5026.0,1.64,2980.0,40.71
_tigfCJFLZg_00258,12,2264.0,0.74,5258.0,1.71,2994.0,43.06
_tigfCJFLZg_00258,13,2306.0,0.75,5591.0,1.82,3285.0,41.24
_tigfCJFLZg_00258,14,2135.0,0.69,5300.0,1.73,3165.0,40.28
_tigfCJFLZg_00258,15,2103.0,0.68,5379.0,1.75,3276.0,39.1
_tigfCJFLZg_00258,16,1851.0,0.6,5160.0,1.68,3309.0,35.87
_tigfCJFLZg_00258,17,1990.0,0.65,5730.0,1.87,3740.0,34.73
_tigfCJFLZg_00258,18,1809.0,0.59,5407.0,1.76,3598.0,33.46
_tigfCJFLZg_00258,19,1890.0,0.62,5639.0,1.84,3749.0,33.52
_tigfCJFLZg_00258,20,1836.0,0.6,5779.0,1.88,3943.0,31.77
_tigfCJFLZg_00258,21,1867.0,0.61,6502.0,2.12,4635.0,28.71
_tigfCJFLZg_00261,0,11.0,0.0,3100.0,1.01,3089.0,0.35
_tigfCJFLZg_00261,1,170.0,0.06,1872.0,0.61,1702.0,9.08
_tigfCJFLZg_00261,2,2175.0,0.71,3282.0,1.07,1107.0,66.27
_tigfCJFLZg_00261,3,2461.0,0.8,2794.0,0.91,333.0,88.08
_tigfCJFLZg_00261,4,2547.0,0.83,3664.0,1.19,1117.0,69.51
_tigfCJFLZg_00261,5,2180.0,0.71,4477.0,1.46,2297.0,48.69
_tigfCJFLZg_00261,6,2362.0,0.77,5647.0,1.84,3285.0,41.83
_tigfCJFLZg_00261,7,2828.0,0.92,6281.0,2.04,3453.0,45.02
_tigfCJFLZg_00261,8,3168.0,1.03,6354.0,2.07,3186.0,49.86
_tigfCJFLZg_00261,9,3697.0,1.2,6561.0,2.14,2864.0,56.35
_tigfCJFLZg_00261,10,4278.0,1.39,7107.0,2.31,2829.0,60.19
_tigfCJFLZg_00261,11,4806.0,1.56,7804.0,2.54,2998.0,61.58
_tigfCJFLZg_00261,12,5606.0,1.82,8832.0,2.88,3226.0,63.47
_tigfCJFLZg_00261,13,6857.0,2.23,9734.0,3.17,2877.0,70.44
_tigfCJFLZg_00261,14,7920.0,2.58,10911.0,3.55,2991.0,72.59
_tigfCJFLZg_00261,15,9294.0,3.03,12238.0,3.98,2944.0,75.94
_tigfCJFLZg_00261,16,10240.0,3.33,12922.0,4.21,2682.0,79.24
_tigfCJFLZg_00261,17,10786.0,3.51,13343.0,4.34,2557.0,80.84
_tigfCJFLZg_00261,18,10687.0,3.48,13307.0,4.33,2620.0,80.31
_tigfCJFLZg_00261,19,10817.0,3.52,13594.0,4.43,2777.0,79.57
_tigfCJFLZg_00261,20,11014.0,3.59,13772.0,4.48,2758.0,79.97
_tigfCJFLZg_00261,21,10550.0,3.43,12898.0,4.2,2348.0,81.8
_tigfCJFLZg_00261,22,10285.0,3.35,13300.0,4.33,3015.0,77.33
_tigfCJFLZg_00261,23,9349.0,3.04,12763.0,4.15,3414.0,73.25
_tigfCJFLZg_00261,24,8673.0,2.82,11198.0,3.65,2525.0,77.45
_tigfCJFLZg_00261,25,8422.0,2.74,10982.0,3.57,2560.0,76.69
_tigfCJFLZg_00261,26,8162.0,2.66,10914.0,3.55,2752.0,74.78
_tigfCJFLZg_00261,27,7647.0,2.49,10529.0,3.43,2882.0,72.63
_tigfCJFLZg_00276,0,74.0,0.02,2828.0,0.92,2754.0,2.62
_tigfCJFLZg_00276,1,456.0,0.15,1696.0,0.55,1240.0,26.89
_tigfCJFLZg_00276,2,1794.0,0.58,2513.0,0.82,719.0,71.39
_tigfCJFLZg_00276,3,2501.0,0.81,3991.0,1.3,1490.0,62.67
_tigfCJFLZg_00276,4,3005.0,0.98,5003.0,1.63,1998.0,60.06
_tigfCJFLZg_00276,5,5025.0,1.64,5702.0,1.86,677.0,88.13
_tigfCJFLZg_00276,6,4566.0,1.49,5755.0,1.87,1189.0,79.34
_tigfCJFLZg_00276,7,4206.0,1.37,5698.0,1.85,1492.0,73.82
_tigfCJFLZg_00276,8,3720.0,1.21,4645.0,1.51,925.0,80.09
_tigfCJFLZg_00276,9,3871.0,1.26,4547.0,1.48,676.0,85.13
_tigfCJFLZg_00276,10,4206.0,1.37,4894.0,1.59,688.0,85.94
_tigfCJFLZg_00276,11,4672.0,1.52,5502.0,1.79,830.0,84.91
_tigfCJFLZg_00276,12,5532.0,1.8,6382.0,2.08,850.0,86.68
_tigfCJFLZg_00276,13,6619.0,2.15,7417.0,2.41,798.0,89.24
_tigfCJFLZg_00276,14,7716.0,2.51,8511.0,2.77,795.0,90.66
_tigfCJFLZg_00276,15,9113.0,2.97,9922.0,3.23,809.0,91.85
_tigfCJFLZg_00276,16,10498.0,3.42,11328.0,3.69,830.0,92.67
_tigfCJFLZg_00276,17,11998.0,3.91,12983.0,4.23,985.0,92.41
_tigfCJFLZg_00276,18,13305.0,4.33,14143.0,4.6,838.0,94.07
_tigfCJFLZg_00276,19,14464.0,4.71,15373.0,5.0,909.0,94.09
_tigfCJFLZg_00276,20,15099.0,4.92,15964.0,5.2,865.0,94.58
_tigfCJFLZg_00276,21,14782.0,4.81,15664.0,5.1,882.0,94.37
_tigfCJFLZg_00276,22,14391.0,4.68,15304.0,4.98,913.0,94.03
_tigfCJFLZg_00276,23,14342.0,4.67,15166.0,4.94,824.0,94.57
_tigfCJFLZg_00276,24,13696.0,4.46,14554.0,4.74,858.0,94.1
_tigfCJFLZg_00276,25,13705.0,4.46,14479.0,4.71,774.0,94.65
_tigfCJFLZg_00276,26,13280.0,4.32,14058.0,4.58,778.0,94.47
_tigfCJFLZg_00276,27,13328.0,4.34,14143.0,4.6,815.0,94.24
_tigfCJFLZg_00276,28,13477.0,4.39,14364.0,4.68,887.0,93.82
_tigfCJFLZg_00285,0,48.0,0.02,5659.0,1.84,5611.0,0.85
_tigfCJFLZg_00285,1,77.0,0.03,3222.0,1.05,3145.0,2.39
_tigfCJFLZg_00285,2,615.0,0.2,2830.0,0.92,2215.0,21.73
_tigfCJFLZg_00285,3,886.0,0.29,2393.0,0.78,1507.0,37.02
_tigfCJFLZg_00285,4,1771.0,0.58,3320.0,1.08,1549.0,53.34
_tigfCJFLZg_00285,5,1665.0,0.54,3541.0,1.15,1876.0,47.02
_tigfCJFLZg_00285,6,1194.0,0.39,3168.0,1.03,1974.0,37.69
_tigfCJFLZg_00285,7,1274.0,0.41,3576.0,1.16,2302.0,35.63
_tigfCJFLZg_00285,8,1825.0,0.59,3631.0,1.18,1806.0,50.26
_tigfCJFLZg_00285,9,3114.0,1.01,4471.0,1.46,1357.0,69.65
_tigfCJFLZg_00285,10,4100.0,1.33,5400.0,1.76,1300.0,75.93
_tigfCJFLZg_00285,11,4242.0,1.38,5409.0,1.76,1167.0,78.42
_tigfCJFLZg_00285,12,4429.0,1.44,5940.0,1.93,1511.0,74.56
_tigfCJFLZg_00285,13,4597.0,1.5,5827.0,1.9,1230.0,78.89
_tigfCJFLZg_00285,14,4676.0,1.52,5904.0,1.92,1228.0,79.2
_tigfCJFLZg_00285,15,4600.0,1.5,5849.0,1.9,1249.0,78.65
_tigfCJFLZg_00285,16,4849.0,1.58,6209.0,2.02,1360.0,78.1
_tigfCJFLZg_00285,17,4827.0,1.57,5972.0,1.94,1145.0,80.83
_tigfCJFLZg_00285,18,5116.0,1.67,6238.0,2.03,1122.0,82.01
_tigfCJFLZg_00285,19,5207.0,1.69,6425.0,2.09,1218.0,81.04
_tigfCJFLZg_00286,0,16.0,0.01,1720.0,0.56,1704.0,0.93
_tigfCJFLZg_00286,1,76.0,0.02,450.0,0.15,374.0,16.89
_tigfCJFLZg_00286,2,127.0,0.04,478.0,0.16,351.0,26.57
_tigfCJFLZg_00286,3,306.0,0.1,910.0,0.3,604.0,33.63
_tigfCJFLZg_00286,4,627.0,0.2,1410.0,0.46,783.0,44.47
_tigfCJFLZg_00286,5,876.0,0.29,1952.0,0.64,1076.0,44.88
_tigfCJFLZg_00286,6,888.0,0.29,2020.0,0.66,1132.0,43.96
_tigfCJFLZg_00286,7,957.0,0.31,2208.0,0.72,1251.0,43.34
_tigfCJFLZg_00286,8,1258.0,0.41,2700.0,0.88,1442.0,46.59
_tigfCJFLZg_00286,9,1598.0,0.52,3378.0,1.1,1780.0,47.31
_tigfCJFLZg_00286,10,1966.0,0.64,3997.0,1.3,2031.0,49.19
_tigfCJFLZg_00286,11,2220.0,0.72,4403.0,1.43,2183.0,50.42
_tigfCJFLZg_00286,12,2621.0,0.85,4959.0,1.61,2338.0,52.85
_tigfCJFLZg_00286,13,2509.0,0.82,4837.0,1.57,2328.0,51.87
_tigfCJFLZg_00286,14,2540.0,0.83,4903.0,1.6,2363.0,51.81
_tigfCJFLZg_00286,15,2217.0,0.72,4688.0,1.53,2471.0,47.29
_tigfCJFLZg_00286,16,1953.0,0.64,4768.0,1.55,2815.0,40.96
_tigfCJFLZg_00286,17,1888.0,0.61,4809.0,1.57,2921.0,39.26
_tigfCJFLZg_00286,18,1743.0,0.57,4707.0,1.53,2964.0,37.03
_tigfCJFLZg_00286,19,1526.0,0.5,4804.0,1.56,3278.0,31.77
_tigfCJFLZg_00286,20,1736.0,0.57,4783.0,1.56,3047.0,36.3
_tigfCJFLZg_00286,21,1809.0,0.59,5059.0,1.65,3250.0,35.76
_tigfCJFLZg_00286,22,2156.0,0.7,5478.0,1.78,3322.0,39.36
_tigfCJFLZg_00286,23,2510.0,0.82,6239.0,2.03,3729.0,40.23
_tigfCJFLZg_00286,24,3045.0,0.99,6599.0,2.15,3554.0,46.14
_tigfCJFLZg_00286,25,3471.0,1.13,7315.0,2.38,3844.0,47.45
_tigfCJFLZg_00286,26,3977.0,1.29,7761.0,2.53,3784.0,51.24
_tigfCJFLZg_00286,27,4500.0,1.46,8309.0,2.7,3809.0,54.16
_tigfCJFLZg_00286,28,4674.0,1.52,8324.0,2.71,3650.0,56.15
_tigfCJFLZg_00286,29,4714.0,1.53,8471.0,2.76,3757.0,55.65
_tigfCJFLZg_00286,30,4863.0,1.58,8517.0,2.77,3654.0,57.1
_tigfCJFLZg_00286,31,4869.0,1.58,8663.0,2.82,3794.0,56.2
_tigfCJFLZg_00286,32,5016.0,1.63,8599.0,2.8,3583.0,58.33
_tigfCJFLZg_00286,33,5189.0,1.69,8858.0,2.88,3669.0,58.58
_tigfCJFLZg_00286,34,5393.0,1.76,8847.0,2.88,3454.0,60.96
_tigfCJFLZg_00286,35,5580.0,1.82,9236.0,3.01,3656.0,60.42
_tigfCJFLZg_00286,36,5627.0,1.83,9168.0,2.98,3541.0,61.38
_tigfCJFLZg_00289,0,567.0,0.18,5366.0,1.75,4799.0,10.57
_tigfCJFLZg_00289,1,834.0,0.27,6599.0,2.15,5765.0,12.64
_tigfCJFLZg_00289,2,2211.0,0.72,8694.0,2.83,6483.0,25.43
_tigfCJFLZg_00289,3,2211.0,0.72,8702.0,2.83,6491.0,25.41
_tigfCJFLZg_00289,4,2275.0,0.74,8876.0,2.89,6601.0,25.63
_tigfCJFLZg_00289,5,1469.0,0.48,8269.0,2.69,6800.0,17.77
_tigfCJFLZg_00289,6,1711.0,0.56,8931.0,2.91,7220.0,19.16
_tigfCJFLZg_00289,7,2248.0,0.73,9922.0,3.23,7674.0,22.66
_tigfCJFLZg_00289,8,2458.0,0.8,10514.0,3.42,8056.0,23.38
_tigfCJFLZg_00289,9,2726.0,0.89,10974.0,3.57,8248.0,24.84
_tigfCJFLZg_00289,10,2627.0,0.86,11113.0,3.62,8486.0,23.64
_tigfCJFLZg_00289,11,2673.0,0.87,11431.0,3.72,8758.0,23.38
_tigfCJFLZg_00289,12,2900.0,0.94,11272.0,3.67,8372.0,25.73
_tigfCJFLZg_00289,13,2926.0,0.95,11222.0,3.65,8296.0,26.07
_tigfCJFLZg_00289,14,2911.0,0.95,10975.0,3.57,8064.0,26.52
_tigfCJFLZg_00289,15,2819.0,0.92,10989.0,3.58,8170.0,25.65
_tigfCJFLZg_00289,16,2744.0,0.89,10746.0,3.5,8002.0,25.54
_tigfCJFLZg_00289,17,2642.0,0.86,10977.0,3.57,8335.0,24.07
_tigfCJFLZg_00289,18,2723.0,0.89,11070.0,3.6,8347.0,24.6
_tigfCJFLZg_00289,19,2619.0,0.85,10570.0,3.44,7951.0,24.78
_tigfCJFLZg_00289,20,2673.0,0.87,9906.0,3.22,7233.0,26.98
_tigfCJFLZg_00289,21,2652.0,0.86,9293.0,3.03,6641.0,28.54
_tigfCJFLZg_00289,22,2432.0,0.79,8523.0,2.77,6091.0,28.53
_tigfCJFLZg_00289,23,2282.0,0.74,7762.0,2.53,5480.0,29.4
_tigfCJFLZg_00289,24,2213.0,0.72,6648.0,2.16,4435.0,33.29
_tigfCJFLZg_00289,25,2582.0,0.84,6480.0,2.11,3898.0,39.85
_tigfCJFLZg_00289,26,2473.0,0.81,6356.0,2.07,3883.0,38.91
_tigfCJFLZg_00289,27,2615.0,0.85,6306.0,2.05,3691.0,41.47
_tigfCJFLZg_00295,0,147.0,0.05,1046.0,0.34,899.0,14.05
_tigfCJFLZg_00295,1,278.0,0.09,475.0,0.15,197.0,58.53
_tigfCJFLZg_00295,2,850.0,0.28,1584.0,0.52,734.0,53.66
_tigfCJFLZg_00295,3,1564.0,0.51,3039.0,0.99,1475.0,51.46
_tigfCJFLZg_00295,4,1832.0,0.6,3949.0,1.29,2117.0,46.39
_tigfCJFLZg_00295,5,1736.0,0.57,4180.0,1.36,2444.0,41.53
_tigfCJFLZg_00295,6,1341.0,0.44,4551.0,1.48,3210.0,29.47
_tigfCJFLZg_00295,7,1403.0,0.46,4473.0,1.46,3070.0,31.37
_tigfCJFLZg_00295,8,1753.0,0.57,4722.0,1.54,2969.0,37.12
_tigfCJFLZg_00295,9,2475.0,0.81,5088.0,1.66,2613.0,48.64
_tigfCJFLZg_00295,10,2618.0,0.85,5517.0,1.8,2899.0,47.45
_tigfCJFLZg_00295,11,2765.0,0.9,5404.0,1.76,2639.0,51.17
_tigfCJFLZg_00295,12,3093.0,1.01,5918.0,1.93,2825.0,52.26
_tigfCJFLZg_00295,13,3421.0,1.11,5861.0,1.91,2440.0,58.37
_tigfCJFLZg_00295,14,3370.0,1.1,5930.0,1.93,2560.0,56.83
_tigfCJFLZg_00295,15,3155.0,1.03,5378.0,1.75,2223.0,58.66
_tigfCJFLZg_00295,16,2994.0,0.97,5415.0,1.76,2421.0,55.29
_tigfCJFLZg_00295,17,2833.0,0.92,4950.0,1.61,2117.0,57.23
_tigfCJFLZg_00295,18,2647.0,0.86,5068.0,1.65,2421.0,52.23
_tigfCJFLZg_00295,19,2401.0,0.78,4416.0,1.44,2015.0,54.37
_tigfCJFLZg_00295,20,2258.0,0.74,4469.0,1.45,2211.0,50.53
_tigfCJFLZg_00295,21,2574.0,0.84,4914.0,1.6,2340.0,52.38
_tigfCJFLZg_00295,22,2652.0,0.86,5204.0,1.69,2552.0,50.96
_tigfCJFLZg_00295,23,2670.0,0.87,5066.0,1.65,2396.0,52.7
_tigfCJFLZg_00298,0,50.0,0.02,451.0,0.15,401.0,11.09
_tigfCJFLZg_00298,1,590.0,0.19,888.0,0.29,298.0,66.44
_tigfCJFLZg_00298,2,924.0,0.3,1307.0,0.43,383.0,70.7
_tigfCJFLZg_00298,3,2887.0,0.94,3281.0,1.07,394.0,87.99
_tigfCJFLZg_00298,4,4928.0,1.6,5423.0,1.77,495.0,90.87
_tigfCJFLZg_00298,5,5473.0,1.78,6140.0,2.0,667.0,89.14
_tigfCJFLZg_00298,6,5382.0,1.75,6327.0,2.06,945.0,85.06
_tigfCJFLZg_00298,7,5437.0,1.77,6670.0,2.17,1233.0,81.51
_tigfCJFLZg_00298,8,6162.0,2.01,7246.0,2.36,1084.0,85.04
_tigfCJFLZg_00298,9,7350.0,2.39,8498.0,2.77,1148.0,86.49
_tigfCJFLZg_00298,10,8466.0,2.76,9571.0,3.12,1105.0,88.45
_tigfCJFLZg_00298,11,8991.0,2.93,10432.0,3.4,1441.0,86.19
_tigfCJFLZg_00298,12,9166.0,2.98,10395.0,3.38,1229.0,88.18
_tigfCJFLZg_00298,13,8979.0,2.92,10241.0,3.33,1262.0,87.68
_tigfCJFLZg_00298,14,8941.0,2.91,10276.0,3.35,1335.0,87.01
_tigfCJFLZg_00298,15,8736.0,2.84,10281.0,3.35,1545.0,84.97
_tigfCJFLZg_00298,16,8966.0,2.92,10359.0,3.37,1393.0,86.55
_tigfCJFLZg_00298,17,9248.0,3.01,10571.0,3.44,1323.0,87.48
_tigfCJFLZg_00298,18,9959.0,3.24,11240.0,3.66,1281.0,88.6
_tigfCJFLZg_00298,19,10456.0,3.4,11636.0,3.79,1180.0,89.86
_tigfCJFLZg_00298,20,9938.0,3.24,11238.0,3.66,1300.0,88.43
_tigfCJFLZg_00298,21,9793.0,3.19,10960.0,3.57,1167.0,89.35
_tigfCJFLZg_00298,22,9620.0,3.13,11016.0,3.59,1396.0,87.33
_tigfCJFLZg_00304,0,17.0,0.01,3024.0,0.98,3007.0,0.56
_tigfCJFLZg_00304,1,198.0,0.06,4234.0,1.38,4036.0,4.68
_tigfCJFLZg_00304,2,198.0,0.06,4231.0,1.38,4033.0,4.68
_tigfCJFLZg_00304,3,1015.0,0.33,2392.0,0.78,1377.0,42.43
_tigfCJFLZg_00304,4,3094.0,1.01,3923.0,1.28,829.0,78.87
_tigfCJFLZg_00304,5,3282.0,1.07,4431.0,1.44,1149.0,74.07
_tigfCJFLZg_00304,6,3583.0,1.17,4212.0,1.37,629.0,85.07
_tigfCJFLZg_00304,7,3196.0,1.04,3889.0,1.27,693.0,82.18
_tigfCJFLZg_00304,8,2717.0,0.88,3050.0,0.99,333.0,89.08
_tigfCJFLZg_00304,9,2897.0,0.94,3386.0,1.1,489.0,85.56
_tigfCJFLZg_00304,10,3632.0,1.18,4031.0,1.31,399.0,90.1
_tigfCJFLZg_00304,11,4400.0,1.43,4812.0,1.57,412.0,91.44
_tigfCJFLZg_00304,12,5376.0,1.75,5841.0,1.9,465.0,92.04
_tigfCJFLZg_00304,13,6020.0,1.96,6518.0,2.12,498.0,92.36
_tigfCJFLZg_00304,14,6253.0,2.04,6662.0,2.17,409.0,93.86
_tigfCJFLZg_00304,15,6377.0,2.08,6880.0,2.24,503.0,92.69
_tigfCJFLZg_00304,16,6194.0,2.02,6645.0,2.16,451.0,93.21
_tigfCJFLZg_00304,17,6086.0,1.98,6774.0,2.21,688.0,89.84
_tigfCJFLZg_00304,18,5591.0,1.82,6491.0,2.11,900.0,86.13
_tigfCJFLZg_00304,19,5351.0,1.74,6075.0,1.98,724.0,88.08
_tigfCJFLZg_00308,0,103.0,0.03,6742.0,2.19,6639.0,1.53
_tigfCJFLZg_00308,1,802.0,0.26,7138.0,2.32,6336.0,11.24
_tigfCJFLZg_00308,2,808.0,0.26,2047.0,0.67,1239.0,39.47
_tigfCJFLZg_00308,3,2495.0,0.81,3010.0,0.98,515.0,82.89
_tigfCJFLZg_00308,4,3547.0,1.15,3789.0,1.23,242.0,93.61
_tigfCJFLZg_00308,5,4218.0,1.37,4440.0,1.45,222.0,95.0
_tigfCJFLZg_00308,6,3992.0,1.3,4163.0,1.36,171.0,95.89
_tigfCJFLZg_00308,7,3008.0,0.98,3235.0,1.05,227.0,92.98
_tigfCJFLZg_00308,8,3257.0,1.06,3293.0,1.07,36.0,98.91
_tigfCJFLZg_00308,9,4250.0,1.38,4274.0,1.39,24.0,99.44
_tigfCJFLZg_00308,10,5016.0,1.63,5048.0,1.64,32.0,99.37
_tigfCJFLZg_00308,11,5366.0,1.75,5420.0,1.76,54.0,99.0
_tigfCJFLZg_00308,12,5276.0,1.72,5369.0,1.75,93.0,98.27
_tigfCJFLZg_00308,13,4905.0,1.6,5015.0,1.63,110.0,97.81
_tigfCJFLZg_00308,14,4243.0,1.38,4320.0,1.41,77.0,98.22
_tigfCJFLZg_00308,15,3884.0,1.26,3972.0,1.29,88.0,97.78
_tigfCJFLZg_00308,16,3659.0,1.19,3911.0,1.27,252.0,93.56
_tigfCJFLZg_00308,17,3629.0,1.18,3760.0,1.22,131.0,96.52
_tigfCJFLZg_00308,18,3801.0,1.24,3926.0,1.28,125.0,96.82
_tigfCJFLZg_00308,19,3805.0,1.24,3922.0,1.28,117.0,97.02
_tigfCJFLZg_00308,20,3920.0,1.28,4032.0,1.31,112.0,97.22
_tigfCJFLZg_00308,21,3973.0,1.29,4088.0,1.33,115.0,97.19
_tigfCJFLZg_00308,22,4014.0,1.31,4165.0,1.36,151.0,96.37
_tigfCJFLZg_00308,23,4081.0,1.33,4220.0,1.37,139.0,96.71
_tigfCJFLZg_00308,24,3951.0,1.29,4089.0,1.33,138.0,96.63
_tigfCJFLZg_00308,25,3824.0,1.24,3925.0,1.28,101.0,97.43
_tigfCJFLZg_00308,26,3536.0,1.15,3657.0,1.19,121.0,96.69
_tigfCJFLZg_00308,27,3347.0,1.09,3484.0,1.13,137.0,96.07
_tigfCJFLZg_00308,28,3093.0,1.01,3258.0,1.06,165.0,94.94
_tigfCJFLZg_00308,29,3043.0,0.99,3208.0,1.04,165.0,94.86
_tigfCJFLZg_00308,30,3023.0,0.98,3162.0,1.03,139.0,95.6
_tigfCJFLZg_00308,31,3440.0,1.12,3576.0,1.16,136.0,96.2
_tigfCJFLZg_00308,32,3670.0,1.19,3800.0,1.24,130.0,96.58
_tigfCJFLZg_00308,33,3839.0,1.25,4089.0,1.33,250.0,93.89
_tigfCJFLZg_00308,34,3807.0,1.24,4259.0,1.39,452.0,89.39
_tigfCJFLZg_00308,35,332.0,0.11,1883.0,0.61,1551.0,17.63
_tigfCJFLZg_00308,36,423.0,0.14,2000.0,0.65,1577.0,21.15
_tigfCJFLZg_00311,0,172.0,0.06,5334.0,1.74,5162.0,3.22
_tigfCJFLZg_00311,1,233.0,0.08,6094.0,1.98,5861.0,3.82
_tigfCJFLZg_00311,2,758.0,0.25,7306.0,2.38,6548.0,10.38
_tigfCJFLZg_00311,3,667.0,0.22,6370.0,2.07,5703.0,10.47
_tigfCJFLZg_00311,4,884.0,0.29,6698.0,2.18,5814.0,13.2
_tigfCJFLZg_00311,5,1371.0,0.45,6842.0,2.23,5471.0,20.04
_tigfCJFLZg_00311,6,1524.0,0.5,7348.0,2.39,5824.0,20.74
_tigfCJFLZg_00311,7,2445.0,0.8,7737.0,2.52,5292.0,31.6
_tigfCJFLZg_00311,8,3009.0,0.98,8637.0,2.81,5628.0,34.84
_tigfCJFLZg_00311,9,3471.0,1.13,8313.0,2.71,4842.0,41.75
_tigfCJFLZg_00311,10,3917.0,1.28,9005.0,2.93,5088.0,43.5
_tigfCJFLZg_00311,11,4482.0,1.46,9225.0,3.0,4743.0,48.59
_tigfCJFLZg_00311,12,4979.0,1.62,10008.0,3.26,5029.0,49.75
_tigfCJFLZg_00311,13,5089.0,1.66,9842.0,3.2,4753.0,51.71
_tigfCJFLZg_00311,14,5204.0,1.69,9709.0,3.16,4505.0,53.6
_tigfCJFLZg_00311,15,5567.0,1.81,9841.0,3.2,4274.0,56.57
_tigfCJFLZg_00311,16,5808.0,1.89,10687.0,3.48,4879.0,54.35
_tigfCJFLZg_00311,17,5866.0,1.91,10046.0,3.27,4180.0,58.39
_tigfCJFLZg_00311,18,5654.0,1.84,10145.0,3.3,4491.0,55.73
_tigfCJFLZg_00311,19,5808.0,1.89,10162.0,3.31,4354.0,57.15
_tigfCJFLZg_00311,20,4925.0,1.6,9455.0,3.08,4530.0,52.09
_tigfCJFLZg_00311,21,4720.0,1.54,9104.0,2.96,4384.0,51.85
_tigfCJFLZg_00311,22,4250.0,1.38,8784.0,2.86,4534.0,48.38
_tigfCJFLZg_00311,23,3907.0,1.27,8410.0,2.74,4503.0,46.46
_tigfCJFLZg_00311,24,3633.0,1.18,7942.0,2.59,4309.0,45.74
_tigfCJFLZg_00311,25,3414.0,1.11,7358.0,2.4,3944.0,46.4
_tigfCJFLZg_00311,26,3254.0,1.06,7323.0,2.38,4069.0,44.44
_tigfCJFLZg_00311,27,3181.0,1.04,7281.0,2.37,4100.0,43.69
_tigfCJFLZg_00311,28,2699.0,0.88,6941.0,2.26,4242.0,38.88
_tigfCJFLZg_00314,0,182.0,0.06,4702.0,1.53,4520.0,3.87
_tigfCJFLZg_00314,1,222.0,0.07,5056.0,1.65,4834.0,4.39
_tigfCJFLZg_00314,2,947.0,0.31,7089.0,2.31,6142.0,13.36
_tigfCJFLZg_00314,3,1271.0,0.41,8701.0,2.83,7430.0,14.61
_tigfCJFLZg_00314,4,1369.0,0.45,9825.0,3.2,8456.0,13.93
_tigfCJFLZg_00314,5,1456.0,0.47,10110.0,3.29,8654.0,14.4
_tigfCJFLZg_00314,6,1290.0,0.42,10465.0,3.41,9175.0,12.33
_tigfCJFLZg_00314,7,1371.0,0.45,10031.0,3.27,8660.0,13.67
_tigfCJFLZg_00314,8,1376.0,0.45,10034.0,3.27,8658.0,13.71
_tigfCJFLZg_00314,9,1555.0,0.51,9578.0,3.12,8023.0,16.24
_tigfCJFLZg_00314,10,1654.0,0.54,9522.0,3.1,7868.0,17.37
_tigfCJFLZg_00314,11,1857.0,0.6,9508.0,3.1,7651.0,19.53
_tigfCJFLZg_00314,12,1928.0,0.63,9731.0,3.17,7803.0,19.81
_tigfCJFLZg_00314,13,1933.0,0.63,8684.0,2.83,6751.0,22.26
_tigfCJFLZg_00314,14,1955.0,0.64,8864.0,2.89,6909.0,22.06
_tigfCJFLZg_00314,15,1973.0,0.64,8721.0,2.84,6748.0,22.62
_tigfCJFLZg_00314,16,2032.0,0.66,8849.0,2.88,6817.0,22.96
_tigfCJFLZg_00317,0,155.0,0.05,1985.0,0.65,1830.0,7.81
_tigfCJFLZg_00317,1,517.0,0.17,1388.0,0.45,871.0,37.25
_tigfCJFLZg_00317,2,1617.0,0.53,2597.0,0.85,980.0,62.26
_tigfCJFLZg_00317,3,2421.0,0.79,3224.0,1.05,803.0,75.09
_tigfCJFLZg_00317,4,2224.0,0.72,3573.0,1.16,1349.0,62.24
_tigfCJFLZg_00317,5,1602.0,0.52,3578.0,1.16,1976.0,44.77
_tigfCJFLZg_00317,6,941.0,0.31,3342.0,1.09,2401.0,28.16
_tigfCJFLZg_00317,7,920.0,0.3,3753.0,1.22,2833.0,24.51
_tigfCJFLZg_00317,8,1235.0,0.4,3616.0,1.18,2381.0,34.15
_tigfCJFLZg_00317,9,2357.0,0.77,4663.0,1.52,2306.0,50.55
_tigfCJFLZg_00317,10,3360.0,1.09,5579.0,1.82,2219.0,60.23
_tigfCJFLZg_00317,11,3554.0,1.16,5977.0,1.95,2423.0,59.46
_tigfCJFLZg_00317,12,4063.0,1.32,6307.0,2.05,2244.0,64.42
_tigfCJFLZg_00317,13,4426.0,1.44,6753.0,2.2,2327.0,65.54
_tigfCJFLZg_00317,14,5008.0,1.63,7133.0,2.32,2125.0,70.21
_tigfCJFLZg_00317,15,5068.0,1.65,7373.0,2.4,2305.0,68.74
_tigfCJFLZg_00317,16,3714.0,1.21,7071.0,2.3,3357.0,52.52
_tigfCJFLZg_00317,17,3646.0,1.19,7228.0,2.35,3582.0,50.44
_tigfCJFLZg_00317,18,4042.0,1.32,7298.0,2.38,3256.0,55.39
_tigfCJFLZg_00317,19,3652.0,1.19,7145.0,2.33,3493.0,51.11
_tigfCJFLZg_00317,20,2941.0,0.96,5951.0,1.94,3010.0,49.42
_tigfCJFLZg_00317,21,2908.0,0.95,6163.0,2.01,3255.0,47.18
_tigfCJFLZg_00317,22,2211.0,0.72,5198.0,1.69,2987.0,42.54
_tigfCJFLZg_00317,23,1888.0,0.61,5206.0,1.69,3318.0,36.27
_tigfCJFLZg_00317,24,2507.0,0.82,4739.0,1.54,2232.0,52.9
_tigfCJFLZg_00317,25,2421.0,0.79,4816.0,1.57,2395.0,50.27
_tigfCJFLZg_00317,26,2133.0,0.69,4444.0,1.45,2311.0,48.0
_tigfCJFLZg_00317,27,1073.0,0.35,4134.0,1.35,3061.0,25.96
_tigfCJFLZg_00317,28,1368.0,0.45,3831.0,1.25,2463.0,35.71
_tigfCJFLZg_00317,29,1141.0,0.37,3544.0,1.15,2403.0,32.2
_tigfCJFLZg_00320,0,0.0,0.0,2706.0,0.88,2706.0,0.0
_tigfCJFLZg_00320,1,0.0,0.0,3177.0,1.03,3177.0,0.0
_tigfCJFLZg_00320,2,0.0,0.0,3066.0,1.0,3066.0,0.0
_tigfCJFLZg_00320,3,0.0,0.0,3163.0,1.03,3163.0,0.0
_tigfCJFLZg_00320,4,271.0,0.09,3763.0,1.22,3492.0,7.2
_tigfCJFLZg_00320,5,1766.0,0.57,3485.0,1.13,1719.0,50.67
_tigfCJFLZg_00320,6,2557.0,0.83,3400.0,1.11,843.0,75.21
_tigfCJFLZg_00320,7,3144.0,1.02,3761.0,1.22,617.0,83.59
_tigfCJFLZg_00320,8,2213.0,0.72,3711.0,1.21,1498.0,59.63
_tigfCJFLZg_00320,9,2824.0,0.92,3567.0,1.16,743.0,79.17
_tigfCJFLZg_00320,10,2307.0,0.75,3502.0,1.14,1195.0,65.88
_tigfCJFLZg_00329,0,12.0,0.0,547.0,0.18,535.0,2.19
_tigfCJFLZg_00329,1,525.0,0.17,1102.0,0.36,577.0,47.64
_tigfCJFLZg_00329,2,1339.0,0.44,1372.0,0.45,33.0,97.59
_tigfCJFLZg_00329,3,1765.0,0.57,1862.0,0.61,97.0,94.79
_tigfCJFLZg_00329,4,2397.0,0.78,2662.0,0.87,265.0,90.05
_tigfCJFLZg_00329,5,2263.0,0.74,2704.0,0.88,441.0,83.69
_tigfCJFLZg_00329,6,704.0,0.23,1296.0,0.42,592.0,54.32
_tigfCJFLZg_00329,7,416.0,0.14,1192.0,0.39,776.0,34.9
_tigfCJFLZg_00329,8,1649.0,0.54,2717.0,0.88,1068.0,60.69
_tigfCJFLZg_00329,9,3018.0,0.98,3964.0,1.29,946.0,76.14
_tigfCJFLZg_00329,10,4013.0,1.31,5223.0,1.7,1210.0,76.83
_tigfCJFLZg_00329,11,4977.0,1.62,5920.0,1.93,943.0,84.07
_tigfCJFLZg_00329,12,6003.0,1.95,7049.0,2.29,1046.0,85.16
_tigfCJFLZg_00329,13,6877.0,2.24,7853.0,2.56,976.0,87.57
_tigfCJFLZg_00329,14,8005.0,2.61,9025.0,2.94,1020.0,88.7
_tigfCJFLZg_00329,15,8736.0,2.84,9867.0,3.21,1131.0,88.54
_tigfCJFLZg_00329,16,9341.0,3.04,10637.0,3.46,1296.0,87.82
_tigfCJFLZg_00329,17,9341.0,3.04,10637.0,3.46,1296.0,87.82
_tigfCJFLZg_00340,0,45.0,0.01,1491.0,0.49,1446.0,3.02
_tigfCJFLZg_00340,1,447.0,0.15,986.0,0.32,539.0,45.33
_tigfCJFLZg_00340,2,997.0,0.32,1533.0,0.5,536.0,65.04
_tigfCJFLZg_00340,3,1991.0,0.65,2452.0,0.8,461.0,81.2
_tigfCJFLZg_00340,4,3350.0,1.09,3817.0,1.24,467.0,87.77
_tigfCJFLZg_00340,5,3394.0,1.1,4728.0,1.54,1334.0,71.79
_tigfCJFLZg_00340,6,4140.0,1.35,5638.0,1.84,1498.0,73.43
_tigfCJFLZg_00340,7,5552.0,1.81,6204.0,2.02,652.0,89.49
_tigfCJFLZg_00340,8,5569.0,1.81,6404.0,2.08,835.0,86.96
_tigfCJFLZg_00340,9,4694.0,1.53,5607.0,1.83,913.0,83.72
_tigfCJFLZg_00340,10,4074.0,1.33,4485.0,1.46,411.0,90.84
_tigfCJFLZg_00340,11,3660.0,1.19,4026.0,1.31,366.0,90.91
_tigfCJFLZg_00340,12,4065.0,1.32,4464.0,1.45,399.0,91.06
_tigfCJFLZg_00340,13,4254.0,1.38,4632.0,1.51,378.0,91.84
_tigfCJFLZg_00340,14,3686.0,1.2,4137.0,1.35,451.0,89.1
_tigfCJFLZg_00340,15,3805.0,1.24,4177.0,1.36,372.0,91.09
_tigfCJFLZg_00340,16,3477.0,1.13,3922.0,1.28,445.0,88.65
_tigfCJFLZg_00340,17,3470.0,1.13,3920.0,1.28,450.0,88.52
_tigfCJFLZg_00340,18,2923.0,0.95,3531.0,1.15,608.0,82.78
_tigfCJFLZg_00340,19,2863.0,0.93,3489.0,1.14,626.0,82.06
_tigfCJFLZg_00340,20,2927.0,0.95,3592.0,1.17,665.0,81.49
_tigfCJFLZg_00340,21,3146.0,1.02,3879.0,1.26,733.0,81.1
_tigfCJFLZg_00348,0,42.0,0.01,1206.0,0.39,1164.0,3.48
_tigfCJFLZg_00348,1,123.0,0.04,821.0,0.27,698.0,14.98
_tigfCJFLZg_00348,2,134.0,0.04,758.0,0.25,624.0,17.68
_tigfCJFLZg_00348,3,313.0,0.1,714.0,0.23,401.0,43.84
_tigfCJFLZg_00348,4,428.0,0.14,932.0,0.3,504.0,45.92
_tigfCJFLZg_00348,5,832.0,0.27,1238.0,0.4,406.0,67.21
_tigfCJFLZg_00348,6,1062.0,0.35,1562.0,0.51,500.0,67.99
_tigfCJFLZg_00348,7,1299.0,0.42,1714.0,0.56,415.0,75.79
_tigfCJFLZg_00348,8,1485.0,0.48,2011.0,0.65,526.0,73.84
_tigfCJFLZg_00348,9,1574.0,0.51,2099.0,0.68,525.0,74.99
_tigfCJFLZg_00348,10,1743.0,0.57,2289.0,0.75,546.0,76.15
_tigfCJFLZg_00348,11,2033.0,0.66,2593.0,0.84,560.0,78.4
_tigfCJFLZg_00348,12,2227.0,0.72,2904.0,0.95,677.0,76.69
_tigfCJFLZg_00348,13,2407.0,0.78,2996.0,0.98,589.0,80.34
_tigfCJFLZg_00348,14,2416.0,0.79,3103.0,1.01,687.0,77.86
_tigfCJFLZg_00348,15,2387.0,0.78,2970.0,0.97,583.0,80.37
_tigfCJFLZg_00348,16,2246.0,0.73,2875.0,0.94,629.0,78.12
_tigfCJFLZg_00348,17,2390.0,0.78,3032.0,0.99,642.0,78.83
_tigfCJFLZg_00348,18,2212.0,0.72,2914.0,0.95,702.0,75.91
_tigfCJFLZg_00348,19,2244.0,0.73,2920.0,0.95,676.0,76.85
_tigfCJFLZg_00348,20,2093.0,0.68,2746.0,0.89,653.0,76.22
_tigfCJFLZg_00348,21,1911.0,0.62,2595.0,0.84,684.0,73.64
_tigfCJFLZg_00348,22,1983.0,0.65,2666.0,0.87,683.0,74.38
_tigfCJFLZg_00348,23,2208.0,0.72,2876.0,0.94,668.0,76.77
_tigfCJFLZg_00348,24,2349.0,0.76,2966.0,0.97,617.0,79.2
_tigfCJFLZg_00348,25,2403.0,0.78,3019.0,0.98,616.0,79.6
_tigfCJFLZg_00348,26,2604.0,0.85,3353.0,1.09,749.0,77.66
_tigfCJFLZg_00348,27,2604.0,0.85,3353.0,1.09,749.0,77.66
_tigfCJFLZg_00348,28,2649.0,0.86,3384.0,1.1,735.0,78.28
_tigfCJFLZg_00348,29,2571.0,0.84,3390.0,1.1,819.0,75.84
_tigfCJFLZg_00348,30,2690.0,0.88,3545.0,1.15,855.0,75.88
_tigfCJFLZg_00348,31,2862.0,0.93,3637.0,1.18,775.0,78.69
_tigfCJFLZg_00348,32,3159.0,1.03,3842.0,1.25,683.0,82.22
_tigfCJFLZg_00348,33,3513.0,1.14,4321.0,1.41,808.0,81.3
_tigfCJFLZg_00348,34,3767.0,1.23,4457.0,1.45,690.0,84.52
_tigfCJFLZg_00348,35,4109.0,1.34,4860.0,1.58,751.0,84.55
_tigfCJFLZg_00348,36,4545.0,1.48,5245.0,1.71,700.0,86.65
_tigfCJFLZg_00348,37,4734.0,1.54,5558.0,1.81,824.0,85.17
_tigfCJFLZg_00348,38,5002.0,1.63,5729.0,1.86,727.0,87.31
_tigfCJFLZg_00348,39,5180.0,1.69,6004.0,1.95,824.0,86.28
_tigfCJFLZg_00348,40,5453.0,1.78,6143.0,2.0,690.0,88.77
_tigfCJFLZg_00348,41,5680.0,1.85,6443.0,2.1,763.0,88.16
_tigfCJFLZg_00351,0,17.0,0.01,2274.0,0.74,2257.0,0.75
_tigfCJFLZg_00351,1,84.0,0.03,1761.0,0.57,1677.0,4.77
_tigfCJFLZg_00351,2,148.0,0.05,1853.0,0.6,1705.0,7.99
_tigfCJFLZg_00351,3,298.0,0.1,1916.0,0.62,1618.0,15.55
_tigfCJFLZg_00351,4,627.0,0.2,2260.0,0.74,1633.0,27.74
_tigfCJFLZg_00351,5,835.0,0.27,2618.0,0.85,1783.0,31.89
_tigfCJFLZg_00351,6,985.0,0.32,2922.0,0.95,1937.0,33.71
_tigfCJFLZg_00351,7,1842.0,0.6,3789.0,1.23,1947.0,48.61
_tigfCJFLZg_00351,8,2584.0,0.84,4194.0,1.37,1610.0,61.61
_tigfCJFLZg_00351,9,3134.0,1.02,4355.0,1.42,1221.0,71.96
_tigfCJFLZg_00351,10,3692.0,1.2,4575.0,1.49,883.0,80.7
_tigfCJFLZg_00351,11,3617.0,1.18,4801.0,1.56,1184.0,75.34
_tigfCJFLZg_00351,12,3527.0,1.15,4636.0,1.51,1109.0,76.08
_tigfCJFLZg_00351,13,3955.0,1.29,5173.0,1.68,1218.0,76.45
_tigfCJFLZg_00351,14,3848.0,1.25,5035.0,1.64,1187.0,76.43
_tigfCJFLZg_00351,15,3679.0,1.2,4846.0,1.58,1167.0,75.92
_tigfCJFLZg_00351,16,3713.0,1.21,4849.0,1.58,1136.0,76.57
_tigfCJFLZg_00351,17,3713.0,1.21,4941.0,1.61,1228.0,75.15
_tigfCJFLZg_00351,18,3633.0,1.18,4994.0,1.63,1361.0,72.75
_tigfCJFLZg_00351,19,3944.0,1.28,5282.0,1.72,1338.0,74.67
_tigfCJFLZg_00351,20,3913.0,1.27,5371.0,1.75,1458.0,72.85
_tigfCJFLZg_00351,21,4003.0,1.3,5290.0,1.72,1287.0,75.67
_tigfCJFLZg_00351,22,4192.0,1.36,5658.0,1.84,1466.0,74.09
_tigfCJFLZg_00351,23,4292.0,1.4,5633.0,1.83,1341.0,76.19
_tigfCJFLZg_00351,24,4230.0,1.38,5642.0,1.84,1412.0,74.97
_tigfCJFLZg_00351,25,4439.0,1.44,5777.0,1.88,1338.0,76.84
_tigfCJFLZg_00351,26,4432.0,1.44,5969.0,1.94,1537.0,74.25
_tigfCJFLZg_00353,0,149.0,0.05,8978.0,2.92,8829.0,1.66
_tigfCJFLZg_00353,1,0.0,0.0,5912.0,1.92,5912.0,0.0
_tigfCJFLZg_00353,2,0.0,0.0,6163.0,2.01,6163.0,0.0
_tigfCJFLZg_00353,3,470.0,0.15,9477.0,3.08,9007.0,4.96
_tigfCJFLZg_00353,4,159.0,0.05,1373.0,0.45,1214.0,11.58
_tigfCJFLZg_00353,5,1110.0,0.36,2739.0,0.89,1629.0,40.53
_tigfCJFLZg_00353,6,1599.0,0.52,3088.0,1.01,1489.0,51.78
_tigfCJFLZg_00353,7,2550.0,0.83,4845.0,1.58,2295.0,52.63
_tigfCJFLZg_00353,8,2116.0,0.69,5124.0,1.67,3008.0,41.3
_tigfCJFLZg_00353,9,2050.0,0.67,5266.0,1.71,3216.0,38.93
_tigfCJFLZg_00353,10,1407.0,0.46,4556.0,1.48,3149.0,30.88
_tigfCJFLZg_00353,11,925.0,0.3,4365.0,1.42,3440.0,21.19
_tigfCJFLZg_00353,12,1514.0,0.49,4532.0,1.48,3018.0,33.41
_tigfCJFLZg_00353,13,2082.0,0.68,5093.0,1.66,3011.0,40.88
_tigfCJFLZg_00353,14,2570.0,0.84,5276.0,1.72,2706.0,48.71
_tigfCJFLZg_00353,15,3172.0,1.03,6112.0,1.99,2940.0,51.9
_tigfCJFLZg_00353,16,3591.0,1.17,6242.0,2.03,2651.0,57.53
_tigfCJFLZg_00353,17,4066.0,1.32,6446.0,2.1,2380.0,63.08
_tigfCJFLZg_00353,18,4370.0,1.42,6840.0,2.23,2470.0,63.89
_tigfCJFLZg_00353,19,4679.0,1.52,6999.0,2.28,2320.0,66.85
_tigfCJFLZg_00353,20,4451.0,1.45,6796.0,2.21,2345.0,65.49
_tigfCJFLZg_00353,21,4354.0,1.42,6663.0,2.17,2309.0,65.35
_tigfCJFLZg_00353,22,3671.0,1.19,5840.0,1.9,2169.0,62.86
_tigfCJFLZg_00353,23,3575.0,1.16,5934.0,1.93,2359.0,60.25
_tigfCJFLZg_00353,24,3652.0,1.19,5841.0,1.9,2189.0,62.52
_tigfCJFLZg_00353,25,3557.0,1.16,5913.0,1.92,2356.0,60.16
_tigfCJFLZg_00353,26,3209.0,1.04,5640.0,1.84,2431.0,56.9
_tigfCJFLZg_00353,27,3492.0,1.14,5985.0,1.95,2493.0,58.35
_tigfCJFLZg_00353,28,3820.0,1.24,6413.0,2.09,2593.0,59.57
_tigfCJFLZg_00353,29,4088.0,1.33,6585.0,2.14,2497.0,62.08
_tigfCJFLZg_00353,30,4479.0,1.46,6912.0,2.25,2433.0,64.8
_tigfCJFLZg_00354,0,16.0,0.01,1905.0,0.62,1889.0,0.84
_tigfCJFLZg_00354,1,130.0,0.04,1905.0,0.62,1775.0,6.82
_tigfCJFLZg_00354,2,191.0,0.06,1809.0,0.59,1618.0,10.56
_tigfCJFLZg_00354,3,83.0,0.03,2007.0,0.65,1924.0,4.14
_tigfCJFLZg_00354,4,295.0,0.1,2194.0,0.71,1899.0,13.45
_tigfCJFLZg_00354,5,743.0,0.24,2548.0,0.83,1805.0,29.16
_tigfCJFLZg_00354,6,1265.0,0.41,3137.0,1.02,1872.0,40.33
_tigfCJFLZg_00354,7,1077.0,0.35,3042.0,0.99,1965.0,35.4
_tigfCJFLZg_00354,8,1587.0,0.52,2560.0,0.83,973.0,61.99
_tigfCJFLZg_00354,9,1841.0,0.6,2601.0,0.85,760.0,70.78
_tigfCJFLZg_00354,10,2348.0,0.76,2940.0,0.96,592.0,79.86
_tigfCJFLZg_00354,11,2327.0,0.76,3054.0,0.99,727.0,76.2
_tigfCJFLZg_00354,12,2393.0,0.78,3189.0,1.04,796.0,75.04
_tigfCJFLZg_00354,13,2198.0,0.72,3221.0,1.05,1023.0,68.24
_tigfCJFLZg_00354,14,2282.0,0.74,3295.0,1.07,1013.0,69.26
_tigfCJFLZg_00354,15,2271.0,0.74,3430.0,1.12,1159.0,66.21
_tigfCJFLZg_00354,16,2176.0,0.71,3371.0,1.1,1195.0,64.55
_tigfCJFLZg_00354,17,2208.0,0.72,3585.0,1.17,1377.0,61.59
_tigfCJFLZg_00354,18,2191.0,0.71,3659.0,1.19,1468.0,59.88
_tigfCJFLZg_00354,19,1890.0,0.62,3596.0,1.17,1706.0,52.56
_tigfCJFLZg_00354,20,1825.0,0.59,3458.0,1.13,1633.0,52.78
_tigfCJFLZg_00354,21,1651.0,0.54,3642.0,1.19,1991.0,45.33
_tigfCJFLZg_00354,22,1451.0,0.47,3270.0,1.06,1819.0,44.37
_tigfCJFLZg_00354,23,1299.0,0.42,3191.0,1.04,1892.0,40.71
_tigfCJFLZg_00354,24,1278.0,0.42,2930.0,0.95,1652.0,43.62
_tigfCJFLZg_00354,25,1275.0,0.42,2969.0,0.97,1694.0,42.94
_tigfCJFLZg_00354,26,1329.0,0.43,2953.0,0.96,1624.0,45.01
_tigfCJFLZg_00354,27,1684.0,0.55,3447.0,1.12,1763.0,48.85
_tigfCJFLZg_00354,28,1909.0,0.62,3550.0,1.16,1641.0,53.77
_tigfCJFLZg_00354,29,2031.0,0.66,3636.0,1.18,1605.0,55.86
_tigfCJFLZg_00354,30,2206.0,0.72,3672.0,1.2,1466.0,60.08
_tigfCJFLZg_00354,31,2321.0,0.76,3842.0,1.25,1521.0,60.41
_tigfCJFLZg_00354,32,2528.0,0.82,3863.0,1.26,1335.0,65.44
_tigfCJFLZg_00354,33,2690.0,0.88,4064.0,1.32,1374.0,66.19
_tigfCJFLZg_00354,34,2937.0,0.96,4099.0,1.33,1162.0,71.65
_tigfCJFLZg_00354,35,3137.0,1.02,4282.0,1.39,1145.0,73.26
_tigfCJFLZg_00354,36,3263.0,1.06,4369.0,1.42,1106.0,74.69
_tigfCJFLZg_00354,37,3297.0,1.07,4453.0,1.45,1156.0,74.04
_tigfCJFLZg_00354,38,3455.0,1.12,4601.0,1.5,1146.0,75.09
_tigfCJFLZg_00354,39,3703.0,1.21,4850.0,1.58,1147.0,76.35
_tigfCJFLZg_00357,0,223.0,0.07,1271.0,0.41,1048.0,17.55
_tigfCJFLZg_00357,1,361.0,0.12,1334.0,0.43,973.0,27.06
_tigfCJFLZg_00357,2,566.0,0.18,1535.0,0.5,969.0,36.87
_tigfCJFLZg_00357,3,692.0,0.23,1562.0,0.51,870.0,44.3
_tigfCJFLZg_00357,4,633.0,0.21,1766.0,0.57,1133.0,35.84
_tigfCJFLZg_00357,5,862.0,0.28,2268.0,0.74,1406.0,38.01
_tigfCJFLZg_00357,6,1152.0,0.38,2502.0,0.81,1350.0,46.04
_tigfCJFLZg_00357,7,1355.0,0.44,2929.0,0.95,1574.0,46.26
_tigfCJFLZg_00357,8,2372.0,0.77,3680.0,1.2,1308.0,64.46
_tigfCJFLZg_00357,9,3680.0,1.2,4493.0,1.46,813.0,81.91
_tigfCJFLZg_00357,10,4650.0,1.51,5116.0,1.67,466.0,90.89
_tigfCJFLZg_00357,11,5589.0,1.82,5926.0,1.93,337.0,94.31
_tigfCJFLZg_00357,12,6691.0,2.18,7083.0,2.31,392.0,94.47
_tigfCJFLZg_00357,13,7279.0,2.37,7683.0,2.5,404.0,94.74
_tigfCJFLZg_00357,14,7876.0,2.56,8266.0,2.69,390.0,95.28
_tigfCJFLZg_00357,15,8480.0,2.76,8887.0,2.89,407.0,95.42
_tigfCJFLZg_00357,16,9256.0,3.01,9688.0,3.15,432.0,95.54
_tigfCJFLZg_00357,17,9264.0,3.02,9676.0,3.15,412.0,95.74
_tigfCJFLZg_00357,18,9369.0,3.05,9876.0,3.21,507.0,94.87
_tigfCJFLZg_00357,19,8331.0,2.71,8799.0,2.86,468.0,94.68
_tigfCJFLZg_00357,20,8222.0,2.68,8785.0,2.86,563.0,93.59
_tigfCJFLZg_00357,21,7833.0,2.55,8404.0,2.74,571.0,93.21
_tigfCJFLZg_00357,22,6807.0,2.22,7449.0,2.42,642.0,91.38
_tigfCJFLZg_00357,23,6757.0,2.2,7457.0,2.43,700.0,90.61
_tigfCJFLZg_00357,24,5957.0,1.94,6724.0,2.19,767.0,88.59
_tigfCJFLZg_00357,25,5825.0,1.9,6549.0,2.13,724.0,88.94
_tigfCJFLZg_00357,26,5914.0,1.93,6687.0,2.18,773.0,88.44
_tigfCJFLZg_00357,27,6199.0,2.02,7011.0,2.28,812.0,88.42
_tigfCJFLZg_00357,28,6426.0,2.09,7397.0,2.41,971.0,86.87
_tigfCJFLZg_00357,29,6519.0,2.12,7367.0,2.4,848.0,88.49
_tigfCJFLZg_00357,30,6476.0,2.11,7352.0,2.39,876.0,88.08
_tigfCJFLZg_00357,31,6579.0,2.14,7587.0,2.47,1008.0,86.71
_tigfCJFLZg_00366,0,23.0,0.01,4631.0,1.51,4608.0,0.5
_tigfCJFLZg_00366,1,271.0,0.09,1677.0,0.55,1406.0,16.16
_tigfCJFLZg_00366,2,1009.0,0.33,1609.0,0.52,600.0,62.71
_tigfCJFLZg_00366,3,2354.0,0.77,2939.0,0.96,585.0,80.1
_tigfCJFLZg_00366,4,3149.0,1.03,3688.0,1.2,539.0,85.39
_tigfCJFLZg_00366,5,3680.0,1.2,4489.0,1.46,809.0,81.98
_tigfCJFLZg_00366,6,3935.0,1.28,4622.0,1.5,687.0,85.14
_tigfCJFLZg_00366,7,3604.0,1.17,4316.0,1.4,712.0,83.5
_tigfCJFLZg_00366,8,3560.0,1.16,4364.0,1.42,804.0,81.58
_tigfCJFLZg_00366,9,3061.0,1.0,4027.0,1.31,966.0,76.01
_tigfCJFLZg_00366,10,3376.0,1.1,4192.0,1.36,816.0,80.53
_tigfCJFLZg_00366,11,3842.0,1.25,4688.0,1.53,846.0,81.95
_tigfCJFLZg_00366,12,4117.0,1.34,4989.0,1.62,872.0,82.52
_tigfCJFLZg_00377,0,79.0,0.03,6458.0,2.1,6379.0,1.22
_tigfCJFLZg_00377,1,97.0,0.03,5714.0,1.86,5617.0,1.7
_tigfCJFLZg_00377,2,89.0,0.03,5581.0,1.82,5492.0,1.59
_tigfCJFLZg_00377,3,65.0,0.02,5692.0,1.85,5627.0,1.14
_tigfCJFLZg_00377,4,147.0,0.05,5791.0,1.89,5644.0,2.54
_tigfCJFLZg_00377,5,192.0,0.06,6215.0,2.02,6023.0,3.09
_tigfCJFLZg_00377,6,251.0,0.08,6253.0,2.04,6002.0,4.01
_tigfCJFLZg_00377,7,349.0,0.11,6623.0,2.16,6274.0,5.27
_tigfCJFLZg_00377,8,627.0,0.2,6887.0,2.24,6260.0,9.1
_tigfCJFLZg_00377,9,775.0,0.25,7391.0,2.41,6616.0,10.49
_tigfCJFLZg_00377,10,900.0,0.29,7213.0,2.35,6313.0,12.48
_tigfCJFLZg_00377,11,974.0,0.32,7328.0,2.39,6354.0,13.29
_tigfCJFLZg_00377,12,1159.0,0.38,7391.0,2.41,6232.0,15.68
_tigfCJFLZg_00377,13,1400.0,0.46,7763.0,2.53,6363.0,18.03
_tigfCJFLZg_00377,14,1525.0,0.5,7853.0,2.56,6328.0,19.42
_tigfCJFLZg_00377,15,1656.0,0.54,7926.0,2.58,6270.0,20.89
_tigfCJFLZg_00377,16,1480.0,0.48,8167.0,2.66,6687.0,18.12
_tigfCJFLZg_00377,17,1540.0,0.5,8485.0,2.76,6945.0,18.15
_tigfCJFLZg_00377,18,1588.0,0.52,9099.0,2.96,7511.0,17.45
_tigfCJFLZg_00377,19,1695.0,0.55,9337.0,3.04,7642.0,18.15
_tigfCJFLZg_00377,20,1412.0,0.46,9730.0,3.17,8318.0,14.51
_tigfCJFLZg_00377,21,1430.0,0.47,9622.0,3.13,8192.0,14.86
_tigfCJFLZg_00377,22,1395.0,0.45,9698.0,3.16,8303.0,14.38
_tigfCJFLZg_00377,23,1401.0,0.46,9433.0,3.07,8032.0,14.85
_tigfCJFLZg_00377,24,1238.0,0.4,9431.0,3.07,8193.0,13.13
_tigfCJFLZg_00377,25,1188.0,0.39,9035.0,2.94,7847.0,13.15
_tigfCJFLZg_00377,26,961.0,0.31,9046.0,2.94,8085.0,10.62
_tigfCJFLZg_00377,27,900.0,0.29,8917.0,2.9,8017.0,10.09
_tigfCJFLZg_00377,28,823.0,0.27,8840.0,2.88,8017.0,9.31
_tigfCJFLZg_00377,29,867.0,0.28,8848.0,2.88,7981.0,9.8
_tigfCJFLZg_00377,30,1024.0,0.33,9200.0,2.99,8176.0,11.13
_tigfCJFLZg_00377,31,1109.0,0.36,9249.0,3.01,8140.0,11.99
_tigfCJFLZg_00377,32,1169.0,0.38,8966.0,2.92,7797.0,13.04
_tigfCJFLZg_00377,33,1231.0,0.4,8815.0,2.87,7584.0,13.96
_tigfCJFLZg_00377,34,1362.0,0.44,8832.0,2.88,7470.0,15.42
_tigfCJFLZg_00377,35,1499.0,0.49,8702.0,2.83,7203.0,17.23
_tigfCJFLZg_00377,36,1624.0,0.53,8718.0,2.84,7094.0,18.63
_tigfCJFLZg_00377,37,1787.0,0.58,8552.0,2.78,6765.0,20.9
_tigfCJFLZg_00377,38,1971.0,0.64,8553.0,2.78,6582.0,23.04
_tigfCJFLZg_00380,0,75.0,0.02,6032.0,1.96,5957.0,1.24
_tigfCJFLZg_00380,1,43.0,0.01,6125.0,1.99,6082.0,0.7
_tigfCJFLZg_00380,2,74.0,0.02,5320.0,1.73,5246.0,1.39
_tigfCJFLZg_00380,3,191.0,0.06,5622.0,1.83,5431.0,3.4
_tigfCJFLZg_00380,4,217.0,0.07,6032.0,1.96,5815.0,3.6
_tigfCJFLZg_00380,5,290.0,0.09,5974.0,1.94,5684.0,4.85
_tigfCJFLZg_00380,6,566.0,0.18,6408.0,2.09,5842.0,8.83
_tigfCJFLZg_00380,7,705.0,0.23,6801.0,2.21,6096.0,10.37
_tigfCJFLZg_00380,8,833.0,0.27,6831.0,2.22,5998.0,12.19
_tigfCJFLZg_00380,9,949.0,0.31,6899.0,2.25,5950.0,13.76
_tigfCJFLZg_00380,10,1067.0,0.35,6999.0,2.28,5932.0,15.25
_tigfCJFLZg_00380,11,1178.0,0.38,7218.0,2.35,6040.0,16.32
_tigfCJFLZg_00380,12,1294.0,0.42,7301.0,2.38,6007.0,17.72
_tigfCJFLZg_00380,13,1210.0,0.39,7070.0,2.3,5860.0,17.11
_tigfCJFLZg_00380,14,1112.0,0.36,7080.0,2.3,5968.0,15.71
_tigfCJFLZg_00380,15,1314.0,0.43,7464.0,2.43,6150.0,17.6
_tigfCJFLZg_00380,16,1229.0,0.4,7335.0,2.39,6106.0,16.76
_tigfCJFLZg_00380,17,1272.0,0.41,7458.0,2.43,6186.0,17.06
_tigfCJFLZg_00380,18,1285.0,0.42,7000.0,2.28,5715.0,18.36
_tigfCJFLZg_00380,19,1370.0,0.45,7173.0,2.33,5803.0,19.1
_tigfCJFLZg_00380,20,1210.0,0.39,7062.0,2.3,5852.0,17.13
_tigfCJFLZg_00380,21,1190.0,0.39,7031.0,2.29,5841.0,16.93
_tigfCJFLZg_00380,22,1119.0,0.36,6794.0,2.21,5675.0,16.47
_tigfCJFLZg_00380,23,1030.0,0.34,7023.0,2.29,5993.0,14.67
_tigfCJFLZg_00380,24,1050.0,0.34,7093.0,2.31,6043.0,14.8
_tigfCJFLZg_00380,25,1034.0,0.34,7508.0,2.44,6474.0,13.77
_tigfCJFLZg_00380,26,1034.0,0.34,7507.0,2.44,6473.0,13.77
_tigfCJFLZg_00380,27,1125.0,0.37,7601.0,2.47,6476.0,14.8
_tigfCJFLZg_00380,28,1650.0,0.54,8238.0,2.68,6588.0,20.03
_tigfCJFLZg_00380,29,1800.0,0.59,8373.0,2.73,6573.0,21.5
_tigfCJFLZg_00380,30,1948.0,0.63,8616.0,2.8,6668.0,22.61
_tigfCJFLZg_00380,31,2085.0,0.68,8686.0,2.83,6601.0,24.0
_tigfCJFLZg_00380,32,2316.0,0.75,9165.0,2.98,6849.0,25.27
_tigfCJFLZg_00380,33,2540.0,0.83,9498.0,3.09,6958.0,26.74
_tigfCJFLZg_00380,34,2684.0,0.87,9526.0,3.1,6842.0,28.18
_tigfCJFLZg_00380,35,2863.0,0.93,9526.0,3.1,6663.0,30.05
_tigfCJFLZg_00380,36,2912.0,0.95,9874.0,3.21,6962.0,29.49
_tigfCJFLZg_00380,37,3033.0,0.99,10251.0,3.34,7218.0,29.59
_tigfCJFLZg_00380,38,3150.0,1.03,10414.0,3.39,7264.0,30.25
_tigfCJFLZg_00380,39,3296.0,1.07,10902.0,3.55,7606.0,30.23
_tigfCJFLZg_00380,40,3370.0,1.1,11156.0,3.63,7786.0,30.21
_tigfCJFLZg_00390,0,48.0,0.02,1802.0,0.59,1754.0,2.66
_tigfCJFLZg_00390,1,116.0,0.04,1797.0,0.58,1681.0,6.46
_tigfCJFLZg_00390,2,202.0,0.07,1856.0,0.6,1654.0,10.88
_tigfCJFLZg_00390,3,251.0,0.08,1884.0,0.61,1633.0,13.32
_tigfCJFLZg_00390,4,448.0,0.15,2161.0,0.7,1713.0,20.73
_tigfCJFLZg_00390,5,496.0,0.16,2029.0,0.66,1533.0,24.45
_tigfCJFLZg_00390,6,711.0,0.23,2174.0,0.71,1463.0,32.7
_tigfCJFLZg_00390,7,994.0,0.32,1815.0,0.59,821.0,54.77
_tigfCJFLZg_00390,8,1079.0,0.35,1450.0,0.47,371.0,74.41
_tigfCJFLZg_00390,9,1222.0,0.4,1571.0,0.51,349.0,77.78
_tigfCJFLZg_00390,10,1309.0,0.43,1804.0,0.59,495.0,72.56
_tigfCJFLZg_00390,11,1475.0,0.48,2134.0,0.69,659.0,69.12
_tigfCJFLZg_00390,12,1904.0,0.62,2483.0,0.81,579.0,76.68
_tigfCJFLZg_00390,13,1850.0,0.6,2685.0,0.87,835.0,68.9
_tigfCJFLZg_00390,14,1829.0,0.6,2870.0,0.93,1041.0,63.73
_tigfCJFLZg_00390,15,1918.0,0.62,3259.0,1.06,1341.0,58.85
_tigfCJFLZg_00390,16,1969.0,0.64,3390.0,1.1,1421.0,58.08
_tigfCJFLZg_00390,17,1986.0,0.65,3459.0,1.13,1473.0,57.42
_tigfCJFLZg_00390,18,2118.0,0.69,3552.0,1.16,1434.0,59.63
_tigfCJFLZg_00390,19,2043.0,0.67,3438.0,1.12,1395.0,59.42
_tigfCJFLZg_00390,20,1942.0,0.63,3260.0,1.06,1318.0,59.57
_tigfCJFLZg_00390,21,1897.0,0.62,3591.0,1.17,1694.0,52.83
_tigfCJFLZg_00390,22,1873.0,0.61,3579.0,1.17,1706.0,52.33
_tigfCJFLZg_00390,23,1819.0,0.59,3651.0,1.19,1832.0,49.82
_tigfCJFLZg_00390,24,1902.0,0.62,3678.0,1.2,1776.0,51.71
_tigfCJFLZg_00390,25,2037.0,0.66,4033.0,1.31,1996.0,50.51
_tigfCJFLZg_00390,26,2366.0,0.77,4222.0,1.37,1856.0,56.04
_tigfCJFLZg_00390,27,2721.0,0.89,4819.0,1.57,2098.0,56.46
_tigfCJFLZg_00390,28,3041.0,0.99,5011.0,1.63,1970.0,60.69
_tigfCJFLZg_00390,29,3386.0,1.1,5398.0,1.76,2012.0,62.73
_tigfCJFLZg_00390,30,3840.0,1.25,5743.0,1.87,1903.0,66.86
_tigfCJFLZg_00390,31,4200.0,1.37,6209.0,2.02,2009.0,67.64
_tigfCJFLZg_00390,32,4456.0,1.45,6319.0,2.06,1863.0,70.52
_tigfCJFLZg_00390,33,4623.0,1.5,6646.0,2.16,2023.0,69.56
_tigfCJFLZg_00390,34,4722.0,1.54,6660.0,2.17,1938.0,70.9
_tigfCJFLZg_00390,35,4506.0,1.47,6632.0,2.16,2126.0,67.94
_tigfCJFLZg_00390,36,4761.0,1.55,6675.0,2.17,1914.0,71.33
_tigfCJFLZg_00390,37,4831.0,1.57,6913.0,2.25,2082.0,69.88
_tigfCJFLZg_00390,38,4831.0,1.57,6909.0,2.25,2078.0,69.92
_tigfCJFLZg_00390,39,4771.0,1.55,6516.0,2.12,1745.0,73.22
_tigfCJFLZg_00393,0,153.0,0.05,7657.0,2.49,7504.0,2.0
_tigfCJFLZg_00393,1,145.0,0.05,7160.0,2.33,7015.0,2.03
_tigfCJFLZg_00393,2,313.0,0.1,4445.0,1.45,4132.0,7.04
_tigfCJFLZg_00393,3,322.0,0.1,3371.0,1.1,3049.0,9.55
_tigfCJFLZg_00393,4,473.0,0.15,2224.0,0.72,1751.0,21.27
_tigfCJFLZg_00393,5,698.0,0.23,3136.0,1.02,2438.0,22.26
_tigfCJFLZg_00393,6,938.0,0.31,2869.0,0.93,1931.0,32.69
_tigfCJFLZg_00393,7,1228.0,0.4,3196.0,1.04,1968.0,38.42
_tigfCJFLZg_00393,8,1434.0,0.47,3381.0,1.1,1947.0,42.41
_tigfCJFLZg_00393,9,1343.0,0.44,3287.0,1.07,1944.0,40.86
_tigfCJFLZg_00393,10,1407.0,0.46,2602.0,0.85,1195.0,54.07
_tigfCJFLZg_00393,11,1388.0,0.45,1783.0,0.58,395.0,77.85
_tigfCJFLZg_00393,12,1614.0,0.53,1915.0,0.62,301.0,84.28
_tigfCJFLZg_00393,13,1532.0,0.5,2040.0,0.66,508.0,75.1
_tigfCJFLZg_00393,14,1438.0,0.47,2262.0,0.74,824.0,63.57
_tigfCJFLZg_00393,15,1113.0,0.36,1987.0,0.65,874.0,56.01
_tigfCJFLZg_00393,16,1079.0,0.35,1951.0,0.64,872.0,55.3
_tigfCJFLZg_00393,17,979.0,0.32,1955.0,0.64,976.0,50.08
_tigfCJFLZg_00393,18,968.0,0.32,1968.0,0.64,1000.0,49.19
_tigfCJFLZg_00393,19,637.0,0.21,1873.0,0.61,1236.0,34.01
_tigfCJFLZg_00393,20,1019.0,0.33,2367.0,0.77,1348.0,43.05
_tigfCJFLZg_00393,21,1850.0,0.6,3143.0,1.02,1293.0,58.86
_tigfCJFLZg_00393,22,1855.0,0.6,3149.0,1.03,1294.0,58.91
_tigfCJFLZg_00393,23,2797.0,0.91,4031.0,1.31,1234.0,69.39
_tigfCJFLZg_00393,24,3809.0,1.24,5078.0,1.65,1269.0,75.01
_tigfCJFLZg_00393,25,4156.0,1.35,5376.0,1.75,1220.0,77.31
_tigfCJFLZg_00393,26,4307.0,1.4,5563.0,1.81,1256.0,77.42
_tigfCJFLZg_00393,27,4485.0,1.46,5788.0,1.88,1303.0,77.49
_tigfCJFLZg_00393,28,4477.0,1.46,5739.0,1.87,1262.0,78.01
_tigfCJFLZg_00393,29,4651.0,1.51,5924.0,1.93,1273.0,78.51
_tigfCJFLZg_00393,30,4821.0,1.57,6083.0,1.98,1262.0,79.25
_tigfCJFLZg_00393,31,5077.0,1.65,6405.0,2.08,1328.0,79.27
_tigfCJFLZg_00393,32,5287.0,1.72,6502.0,2.12,1215.0,81.31
_tigfCJFLZg_00393,33,5572.0,1.81,6632.0,2.16,1060.0,84.02
_tigfCJFLZg_00393,34,5743.0,1.87,6798.0,2.21,1055.0,84.48
_tigfCJFLZg_00393,35,6143.0,2.0,7094.0,2.31,951.0,86.59
_tigfCJFLZg_00393,36,6295.0,2.05,7083.0,2.31,788.0,88.87
_tigfCJFLZg_00393,37,6736.0,2.19,7396.0,2.41,660.0,91.08
_tigfCJFLZg_00393,38,7267.0,2.37,7921.0,2.58,654.0,91.74
_tigfCJFLZg_00393,39,7727.0,2.52,8235.0,2.68,508.0,93.83
